COD_CLI,RAZAO_SOCIAL,CNPJ,UF,MUNICIPIO,SEGMENTO,CNPJ_LIMPO
000001,DISTRIBUIDORA ANDRADE EIRELI,23.642.449/0001-59,BA,Luís Eduardo Magalhães,Bar/Restaurante,23642449000159
000002,MERCADO SILVA LTDA,80.365.996/0001-78,SP,São Paulo,Conveniência,80365996000178
000003,COMERCIAL BITTENCOURT LTDA,85.130.776/0001-89,MG,Belo Horizonte,Mini Rede,85130776000189
000004,COMERCIAL REZENDE LTDA,54.070.082/0001-70,GO,Rio Verde,Mercado de Bairro,54070082000170
000005,COMERCIAL OLIVEIRA EIRELI,28.315.841/0001-07,GO,Goiânia,Mercado de Bairro,28315841000107
000006,DISTRIBUIDORA ANDRADE - ME,87.364.774/0001-80,MG,Betim,Conveniência,87364774000180
000007,DISTRIBUIDORA REZENDE LTDA,28.164.508/0001-44,GO,Rio Verde,Bar/Restaurante,28164508000144
000008,COMÉRCIO DE ALIMENTOS REZENDE LTDA,74.033.808/0001-01,GO,Rio Verde,Padaria,74033808000101
000009,MERCADO SOUZA EIRELI,11.383.047/0001-06,BA,Barreiras,Mercado de Bairro,11383047000106
000010,COMÉRCIO DE ALIMENTOS PEREIRA LTDA,16.689.783/0001-00,GO,Aparecida de Goiânia,Padaria,16689783000100
000011,MERCADO PEREIRA LTDA,40.251.873/0001-91,GO,Rio Verde,Bar/Restaurante,40251873000191
000012,DISTRIBUIDORA DO VALE - ME,65.748.058/0001-63,MG,Uberlândia,Mercado de Bairro,65748058000163
000013,SUPERMERCADO COSTA LTDA,83.346.368/0001-33,MG,Juiz de Fora,Bar/Restaurante,83346368000133
000014,COMÉRCIO DE ALIMENTOS DO VALE - ME,59.624.972/0001-08,BA,Luís Eduardo Magalhães,Mini Rede,59624972000108
000015,MERCADO NOGUEIRA EIRELI,26.859.132/0001-67,MG,Contagem,Padaria,26859132000167
000016,EMPÓRIO ALMEIDA - ME,95.833.918/0001-28,MG,Juiz de Fora,Food Service,95833918000128
000017,EMPÓRIO SILVA EIRELI,75.113.901/0001-99,BA,Luís Eduardo Magalhães,Food Service,75113901000199
000018,SUPERMERCADO COSTA LTDA,89.749.038/0001-75,ES,Vila Velha,Food Service,89749038000175
000019,SUPERMERCADO COSTA EIRELI,52.490.612/0001-03,MG,Juiz de Fora,Mini Rede,52490612000103
000020,SUPERMERCADO ALMEIDA LTDA,49.537.218/0001-79,BA,Barreiras,Padaria,49537218000179
000021,COMERCIAL NOGUEIRA - ME,74.181.438/0001-50,GO,Aparecida de Goiânia,Mercado de Bairro,74181438000150
000022,MERCADO ANDRADE - ME,38.236.211/0001-09,GO,Anápolis,Mini Rede,38236211000109
000023,COMÉRCIO DE ALIMENTOS ALMEIDA EIRELI,58.623.351/0001-39,DF,Brasília,Mini Rede,58623351000139
000024,SUPERMERCADO DO VALE EIRELI,89.056.128/0001-80,ES,Serra,Padaria,89056128000180
000025,COMÉRCIO DE ALIMENTOS ALMEIDA - ME,40.340.490/0001-90,MG,Juiz de Fora,Mini Rede,40340490000190
000026,EMPÓRIO SOUZA EIRELI,69.663.175/0001-85,MG,Juiz de Fora,Mercado de Bairro,69663175000185
000027,DISTRIBUIDORA BITTENCOURT EIRELI,35.427.803/0001-01,MG,Betim,Padaria,35427803000101
000028,MERCADO DO VALE EIRELI,98.251.947/0001-70,MG,Belo Horizonte,Mercado de Bairro,98251947000170
000029,SUPERMERCADO REZENDE - ME,85.841.693/0001-06,GO,Anápolis,Conveniência,85841693000106
000030,DISTRIBUIDORA ALMEIDA LTDA,40.398.229/0001-40,MG,Sete Lagoas,Bar/Restaurante,40398229000140
000031,COMÉRCIO DE ALIMENTOS COSTA LTDA,38.824.042/0001-10,GO,Goiânia,Mercado de Bairro,38824042000110
000032,MERCADO OLIVEIRA - ME,61.102.153/0001-34,MG,Juiz de Fora,Food Service,61102153000134
000033,EMPÓRIO ANDRADE LTDA,91.016.475/0001-21,GO,Anápolis,Mini Rede,91016475000121
000034,EMPÓRIO BITTENCOURT LTDA,88.586.061/0001-23,GO,Aparecida de Goiânia,Bar/Restaurante,88586061000123
000035,DISTRIBUIDORA BITTENCOURT LTDA,74.367.721/0001-70,BA,Barreiras,Mini Rede,74367721000170
000036,DISTRIBUIDORA NOGUEIRA EIRELI,46.851.782/0001-73,MG,Contagem,Food Service,46851782000173
000037,SUPERMERCADO NOGUEIRA LTDA,20.327.066/0001-06,BA,Barreiras,Bar/Restaurante,20327066000106
000038,DISTRIBUIDORA PEREIRA EIRELI,50.135.284/0001-00,MG,Belo Horizonte,Food Service,50135284000100
000039,COMERCIAL SILVA EIRELI,44.602.645/0001-70,BA,Luís Eduardo Magalhães,Food Service,44602645000170
000040,COMÉRCIO DE ALIMENTOS SOUZA - ME,33.461.777/0001-02,GO,Goiânia,Padaria,33461777000102
000041,SUPERMERCADO COSTA - ME,18.840.516/0001-00,GO,Goiânia,Food Service,18840516000100
000042,EMPÓRIO ANDRADE LTDA,64.605.100/0001-24,ES,Serra,Mini Rede,64605100000124
000043,DISTRIBUIDORA DO VALE EIRELI,92.850.515/0001-07,MG,Belo Horizonte,Mercado de Bairro,92850515000107
000044,DISTRIBUIDORA NOGUEIRA EIRELI,67.037.309/0001-27,MG,Contagem,Mercado de Bairro,67037309000127
000045,COMERCIAL PEREIRA EIRELI,67.663.788/0001-97,MG,Juiz de Fora,Bar/Restaurante,67663788000197
000046,SUPERMERCADO ANDRADE LTDA,55.517.974/0001-39,MG,Juiz de Fora,Conveniência,55517974000139
000047,COMERCIAL SOUZA EIRELI,90.617.439/0001-50,GO,Anápolis,Mercado de Bairro,90617439000150
000048,COMERCIAL BITTENCOURT LTDA,47.524.591/0001-60,DF,Brasília,Mercado de Bairro,47524591000160
000049,COMERCIAL PEREIRA - ME,26.317.975/0001-31,GO,Aparecida de Goiânia,Conveniência,26317975000131
000050,EMPÓRIO ALMEIDA LTDA,79.291.004/0001-26,GO,Aparecida de Goiânia,Conveniência,79291004000126
000051,MERCADO COSTA - ME,57.143.461/0001-30,DF,Taguatinga,Mercado de Bairro,57143461000130
000052,COMÉRCIO DE ALIMENTOS COSTA EIRELI,18.900.386/0001-53,MG,Uberlândia,Mercado de Bairro,18900386000153
000053,MERCADO REZENDE EIRELI,99.918.060/0001-55,SP,Franca,Conveniência,99918060000155
000054,SUPERMERCADO ALMEIDA - ME,10.741.093/0001-69,SP,Ribeirão Preto,Food Service,10741093000169
000055,SUPERMERCADO DO VALE EIRELI,67.605.914/0001-57,GO,Aparecida de Goiânia,Mercado de Bairro,67605914000157
000056,DISTRIBUIDORA PEREIRA EIRELI,75.167.649/0001-09,MG,Contagem,Bar/Restaurante,75167649000109
000057,EMPÓRIO ALMEIDA EIRELI,46.544.864/0001-75,MG,Betim,Mercado de Bairro,46544864000175
000058,EMPÓRIO OLIVEIRA - ME,63.582.232/0001-15,BA,Luís Eduardo Magalhães,Mercado de Bairro,63582232000115
000059,SUPERMERCADO COSTA LTDA,17.737.041/0001-68,GO,Rio Verde,Padaria,17737041000168
000060,SUPERMERCADO REZENDE LTDA,52.347.907/0001-25,MG,Sete Lagoas,Padaria,52347907000125
000061,MERCADO ANDRADE LTDA,73.455.418/0001-67,MG,Belo Horizonte,Mercado de Bairro,73455418000167
000062,COMERCIAL ANDRADE - ME,57.388.558/0001-03,MG,Juiz de Fora,Bar/Restaurante,57388558000103
000063,DISTRIBUIDORA PEREIRA EIRELI,36.581.576/0001-37,SP,Franca,Mini Rede,36581576000137
000064,EMPÓRIO COSTA LTDA,74.150.392/0001-01,ES,Vila Velha,Conveniência,74150392000101
000065,SUPERMERCADO OLIVEIRA EIRELI,78.383.223/0001-72,MG,Uberlândia,Bar/Restaurante,78383223000172
000066,COMÉRCIO DE ALIMENTOS ALMEIDA - ME,41.729.049/0001-67,GO,Goiânia,Mercado de Bairro,41729049000167
000067,SUPERMERCADO PEREIRA LTDA,41.730.899/0001-85,SP,Franca,Conveniência,41730899000185
000068,COMERCIAL SILVA LTDA,72.244.985/0001-01,BA,Barreiras,Padaria,72244985000101
000069,SUPERMERCADO SILVA - ME,93.742.688/0001-66,SP,São Paulo,Food Service,93742688000166
000070,COMÉRCIO DE ALIMENTOS NOGUEIRA EIRELI,35.174.731/0001-38,MG,Belo Horizonte,Padaria,35174731000138
000071,SUPERMERCADO FERREIRA LTDA,34.129.995/0001-07,GO,Goiânia,Bar/Restaurante,34129995000107
000072,EMPÓRIO SILVA EIRELI,49.460.598/0001-90,MG,Uberlândia,Food Service,49460598000190
000073,COMERCIAL COSTA LTDA,23.171.867/0001-05,MG,Belo Horizonte,Bar/Restaurante,23171867000105
000074,COMÉRCIO DE ALIMENTOS BITTENCOURT LTDA,31.706.114/0001-85,MG,Betim,Food Service,31706114000185
000075,EMPÓRIO COSTA EIRELI,89.701.742/0001-58,MG,Contagem,Bar/Restaurante,89701742000158
000076,COMERCIAL OLIVEIRA EIRELI,66.534.988/0001-87,MG,Juiz de Fora,Food Service,66534988000187
000077,COMÉRCIO DE ALIMENTOS OLIVEIRA LTDA,38.022.771/0001-52,MG,Sete Lagoas,Padaria,38022771000152
000078,SUPERMERCADO COSTA LTDA,87.573.972/0001-53,MG,Uberlândia,Padaria,87573972000153
000079,EMPÓRIO ALMEIDA EIRELI,37.458.492/0001-73,MG,Belo Horizonte,Padaria,37458492000173
000080,MERCADO NOGUEIRA LTDA,79.183.910/0001-07,MG,Juiz de Fora,Mercado de Bairro,79183910000107
000081,DISTRIBUIDORA OLIVEIRA LTDA,88.675.320/0001-92,GO,Goiânia,Food Service,88675320000192
000082,SUPERMERCADO OLIVEIRA LTDA,68.146.146/0001-83,MG,Contagem,Food Service,68146146000183
000083,SUPERMERCADO OLIVEIRA LTDA,94.107.360/0001-30,GO,Aparecida de Goiânia,Mercado de Bairro,94107360000130
000084,EMPÓRIO ANDRADE EIRELI,48.352.316/0001-79,GO,Rio Verde,Food Service,48352316000179
000085,EMPÓRIO FERREIRA EIRELI,61.478.547/0001-91,MG,Juiz de Fora,Food Service,61478547000191
000086,MERCADO DO VALE LTDA,10.497.084/0001-74,GO,Aparecida de Goiânia,Conveniência,10497084000174
000087,MERCADO OLIVEIRA - ME,10.033.836/0001-46,GO,Goiânia,Food Service,10033836000146
000088,MERCADO SILVA LTDA,58.603.772/0001-06,SP,Franca,Conveniência,58603772000106
000089,MERCADO OLIVEIRA LTDA,77.006.063/0001-80,GO,Aparecida de Goiânia,Padaria,77006063000180
000090,COMÉRCIO DE ALIMENTOS ALMEIDA LTDA,89.558.744/0001-30,ES,Vila Velha,Conveniência,89558744000130
000091,DISTRIBUIDORA ALMEIDA LTDA,71.285.627/0001-84,MG,Contagem,Food Service,71285627000184
000092,DISTRIBUIDORA BITTENCOURT LTDA,78.085.612/0001-11,MG,Sete Lagoas,Mercado de Bairro,78085612000111
000093,DISTRIBUIDORA PEREIRA LTDA,62.746.694/0001-68,GO,Goiânia,Padaria,62746694000168
000094,COMERCIAL DO VALE - ME,13.206.141/0001-07,ES,Vila Velha,Padaria,13206141000107
000095,COMERCIAL SOUZA EIRELI,11.226.756/0001-70,SP,São Paulo,Padaria,11226756000170
000096,COMÉRCIO DE ALIMENTOS SOUZA EIRELI,66.662.468/0001-50,MG,Juiz de Fora,Mercado de Bairro,66662468000150
000097,COMERCIAL SOUZA LTDA,69.938.313/0001-91,MG,Sete Lagoas,Bar/Restaurante,69938313000191
000098,MERCADO BITTENCOURT LTDA,51.774.820/0001-71,MG,Uberlândia,Mercado de Bairro,51774820000171
000099,SUPERMERCADO BITTENCOURT LTDA,14.483.104/0001-09,MG,Contagem,Mini Rede,14483104000109
000100,MERCADO FERREIRA - ME,97.299.269/0001-52,MG,Sete Lagoas,Mini Rede,97299269000152
000101,DISTRIBUIDORA PEREIRA - ME,59.555.883/0001-49,SP,São Paulo,Bar/Restaurante,59555883000149
000102,COMÉRCIO DE ALIMENTOS DO VALE - ME,79.180.196/0001-01,SP,Franca,Mercado de Bairro,79180196000101
000103,COMERCIAL FERREIRA LTDA,28.687.088/0001-80,BA,Barreiras,Food Service,28687088000180
000104,EMPÓRIO ANDRADE LTDA,93.020.228/0001-24,MG,Belo Horizonte,Conveniência,93020228000124
000105,COMERCIAL PEREIRA LTDA,11.559.606/0001-88,GO,Aparecida de Goiânia,Mercado de Bairro,11559606000188
000106,COMÉRCIO DE ALIMENTOS COSTA LTDA,15.079.875/0001-06,MG,Belo Horizonte,Bar/Restaurante,15079875000106
000107,DISTRIBUIDORA OLIVEIRA - ME,48.932.998/0001-99,GO,Anápolis,Food Service,48932998000199
000108,COMERCIAL PEREIRA - ME,21.306.141/0001-07,DF,Taguatinga,Conveniência,21306141000107
000109,COMÉRCIO DE ALIMENTOS ANDRADE EIRELI,59.765.533/0001-07,MG,Belo Horizonte,Mini Rede,59765533000107
000110,SUPERMERCADO OLIVEIRA - ME,46.991.195/0001-80,DF,Brasília,Bar/Restaurante,46991195000180
000111,DISTRIBUIDORA ALMEIDA EIRELI,38.152.032/0001-85,MG,Uberlândia,Bar/Restaurante,38152032000185
000112,MERCADO PEREIRA - ME,37.040.775/0001-09,MG,Sete Lagoas,Bar/Restaurante,37040775000109
000113,COMERCIAL PEREIRA EIRELI,90.829.670/0001-08,MG,Sete Lagoas,Mini Rede,90829670000108
000114,COMERCIAL PEREIRA EIRELI,39.129.338/0001-83,MG,Sete Lagoas,Mercado de Bairro,39129338000183
000115,DISTRIBUIDORA SOUZA EIRELI,31.081.743/0001-67,MG,Contagem,Padaria,31081743000167
000116,COMERCIAL ALMEIDA - ME,33.943.188/0001-60,GO,Anápolis,Food Service,33943188000160
000117,MERCADO PEREIRA EIRELI,41.654.198/0001-04,MG,Betim,Padaria,41654198000104
000118,SUPERMERCADO BITTENCOURT - ME,99.506.519/0001-03,SP,São Paulo,Food Service,99506519000103
000119,SUPERMERCADO FERREIRA LTDA,38.267.585/0001-83,MG,Contagem,Food Service,38267585000183
000120,DISTRIBUIDORA NOGUEIRA LTDA,79.005.198/0001-56,GO,Anápolis,Padaria,79005198000156
000121,SUPERMERCADO NOGUEIRA - ME,14.987.236/0001-78,MG,Betim,Padaria,14987236000178
000122,SUPERMERCADO DO VALE - ME,59.764.074/0001-47,SP,Franca,Food Service,59764074000147
000123,EMPÓRIO NOGUEIRA - ME,99.557.170/0001-39,DF,Taguatinga,Bar/Restaurante,99557170000139
000124,COMÉRCIO DE ALIMENTOS OLIVEIRA LTDA,20.230.655/0001-63,GO,Rio Verde,Mercado de Bairro,20230655000163
000125,COMÉRCIO DE ALIMENTOS REZENDE - ME,76.384.409/0001-10,MG,Sete Lagoas,Mini Rede,76384409000110
000126,COMÉRCIO DE ALIMENTOS SOUZA EIRELI,91.101.710/0001-63,MG,Contagem,Padaria,91101710000163
000127,MERCADO COSTA LTDA,27.110.278/0001-78,BA,Luís Eduardo Magalhães,Padaria,27110278000178
000128,DISTRIBUIDORA COSTA LTDA,27.179.152/0001-50,MG,Betim,Mercado de Bairro,27179152000150
000129,COMÉRCIO DE ALIMENTOS SOUZA - ME,68.976.756/0001-04,BA,Barreiras,Bar/Restaurante,68976756000104
000130,EMPÓRIO ALMEIDA LTDA,29.613.233/0001-41,MG,Belo Horizonte,Mini Rede,29613233000141
000131,COMERCIAL ALMEIDA LTDA,15.832.432/0001-36,MG,Belo Horizonte,Conveniência,15832432000136
000132,COMÉRCIO DE ALIMENTOS SOUZA - ME,83.089.847/0001-11,BA,Luís Eduardo Magalhães,Food Service,83089847000111
000133,SUPERMERCADO ALMEIDA EIRELI,13.780.032/0001-07,MG,Betim,Conveniência,13780032000107
000134,MERCADO FERREIRA LTDA,72.362.112/0001-01,BA,Barreiras,Mercado de Bairro,72362112000101
000135,COMERCIAL ALMEIDA LTDA,42.920.716/0001-57,MG,Belo Horizonte,Padaria,42920716000157
000136,EMPÓRIO PEREIRA EIRELI,29.483.628/0001-77,SP,Franca,Food Service,29483628000177
000137,DISTRIBUIDORA REZENDE LTDA,54.518.859/0001-16,MG,Sete Lagoas,Mini Rede,54518859000116
000138,MERCADO OLIVEIRA LTDA,89.924.949/0001-91,SP,São Paulo,Bar/Restaurante,89924949000191
000139,MERCADO DO VALE LTDA,54.568.135/0001-87,BA,Luís Eduardo Magalhães,Padaria,54568135000187
000140,COMÉRCIO DE ALIMENTOS NOGUEIRA LTDA,61.773.743/0001-99,BA,Luís Eduardo Magalhães,Padaria,61773743000199
000141,EMPÓRIO BITTENCOURT LTDA,87.743.052/0001-36,MG,Contagem,Mini Rede,87743052000136
000142,MERCADO COSTA LTDA,88.172.052/0001-96,MG,Betim,Padaria,88172052000196
000143,COMÉRCIO DE ALIMENTOS BITTENCOURT - ME,50.858.579/0001-04,MG,Belo Horizonte,Padaria,50858579000104
000144,DISTRIBUIDORA PEREIRA - ME,32.164.912/0001-95,GO,Anápolis,Mercado de Bairro,32164912000195
000145,COMERCIAL REZENDE - ME,92.199.571/0001-15,SP,Franca,Bar/Restaurante,92199571000115
000146,SUPERMERCADO NOGUEIRA - ME,23.187.079/0001-07,MG,Belo Horizonte,Padaria,23187079000107
000147,COMÉRCIO DE ALIMENTOS FERREIRA LTDA,75.078.807/0001-46,BA,Luís Eduardo Magalhães,Mercado de Bairro,75078807000146
000148,EMPÓRIO OLIVEIRA EIRELI,49.387.769/0001-01,MG,Betim,Mercado de Bairro,49387769000101
000149,MERCADO ANDRADE - ME,45.740.046/0001-85,GO,Aparecida de Goiânia,Conveniência,45740046000185
000150,EMPÓRIO ANDRADE LTDA,63.349.634/0001-74,MG,Uberlândia,Mini Rede,63349634000174
000151,COMÉRCIO DE ALIMENTOS BITTENCOURT LTDA,60.824.600/0001-04,MG,Sete Lagoas,Mercado de Bairro,60824600000104
000152,EMPÓRIO NOGUEIRA - ME,61.288.782/0001-09,DF,Taguatinga,Mini Rede,61288782000109
000153,COMÉRCIO DE ALIMENTOS FERREIRA - ME,82.489.190/0001-17,MG,Betim,Mercado de Bairro,82489190000117
000154,SUPERMERCADO SILVA LTDA,40.894.029/0001-89,SP,Franca,Mini Rede,40894029000189
000155,COMERCIAL SOUZA EIRELI,97.177.175/0001-00,GO,Rio Verde,Padaria,97177175000100
000156,COMERCIAL SILVA EIRELI,73.594.339/0001-37,MG,Uberlândia,Mini Rede,73594339000137
000157,COMÉRCIO DE ALIMENTOS OLIVEIRA LTDA,93.713.674/0001-14,MG,Contagem,Padaria,93713674000114
000158,COMÉRCIO DE ALIMENTOS PEREIRA - ME,77.353.495/0001-67,ES,Serra,Mini Rede,77353495000167
000159,SUPERMERCADO ALMEIDA - ME,94.865.212/0001-85,MG,Sete Lagoas,Mercado de Bairro,94865212000185
000160,COMÉRCIO DE ALIMENTOS SOUZA LTDA,26.910.345/0001-76,SP,São Paulo,Mini Rede,26910345000176
000161,EMPÓRIO BITTENCOURT LTDA,85.090.164/0001-00,MG,Belo Horizonte,Food Service,85090164000100
000162,MERCADO OLIVEIRA LTDA,58.608.932/0001-00,GO,Goiânia,Mini Rede,58608932000100
000163,COMERCIAL COSTA - ME,52.196.290/0001-94,BA,Luís Eduardo Magalhães,Padaria,52196290000194
000164,COMÉRCIO DE ALIMENTOS OLIVEIRA LTDA,29.827.007/0001-63,DF,Brasília,Mercado de Bairro,29827007000163
000165,DISTRIBUIDORA ANDRADE - ME,86.767.106/0001-30,GO,Goiânia,Bar/Restaurante,86767106000130
000166,COMÉRCIO DE ALIMENTOS SOUZA - ME,63.640.260/0001-41,MG,Contagem,Bar/Restaurante,63640260000141
000167,SUPERMERCADO FERREIRA LTDA,26.484.667/0001-09,GO,Rio Verde,Bar/Restaurante,26484667000109
000168,MERCADO SILVA - ME,29.188.438/0001-27,DF,Brasília,Food Service,29188438000127
000169,SUPERMERCADO ANDRADE LTDA,12.426.109/0001-74,GO,Rio Verde,Padaria,12426109000174
000170,MERCADO REZENDE EIRELI,83.752.315/0001-12,GO,Rio Verde,Bar/Restaurante,83752315000112
000171,COMÉRCIO DE ALIMENTOS PEREIRA EIRELI,45.580.503/0001-11,SP,São Paulo,Padaria,45580503000111
000172,COMÉRCIO DE ALIMENTOS BITTENCOURT LTDA,43.708.418/0001-60,GO,Goiânia,Bar/Restaurante,43708418000160
000173,DISTRIBUIDORA DO VALE LTDA,56.180.316/0001-67,MG,Contagem,Mini Rede,56180316000167
000174,DISTRIBUIDORA BITTENCOURT LTDA,81.920.464/0001-18,MG,Contagem,Bar/Restaurante,81920464000118
000175,SUPERMERCADO OLIVEIRA - ME,35.991.946/0001-41,SP,Ribeirão Preto,Padaria,35991946000141
000176,MERCADO SILVA EIRELI,66.223.946/0001-25,SP,Franca,Mini Rede,66223946000125
000177,COMÉRCIO DE ALIMENTOS FERREIRA LTDA,34.949.330/0001-40,GO,Rio Verde,Bar/Restaurante,34949330000140
000178,MERCADO COSTA LTDA,38.853.153/0001-54,GO,Aparecida de Goiânia,Mercado de Bairro,38853153000154
000179,SUPERMERCADO ALMEIDA LTDA,22.764.725/0001-99,DF,Brasília,Food Service,22764725000199
000180,COMERCIAL BITTENCOURT LTDA,61.210.430/0001-22,DF,Brasília,Padaria,61210430000122
000181,DISTRIBUIDORA SOUZA EIRELI,60.359.602/0001-61,MG,Juiz de Fora,Mercado de Bairro,60359602000161
000182,SUPERMERCADO FERREIRA LTDA,57.447.762/0001-58,MG,Juiz de Fora,Padaria,57447762000158
000183,EMPÓRIO BITTENCOURT LTDA,14.761.944/0001-96,MG,Sete Lagoas,Bar/Restaurante,14761944000196
000184,EMPÓRIO COSTA EIRELI,72.410.847/0001-55,MG,Juiz de Fora,Bar/Restaurante,72410847000155
000185,COMÉRCIO DE ALIMENTOS BITTENCOURT - ME,10.827.434/0001-13,GO,Goiânia,Padaria,10827434000113
000186,COMERCIAL ANDRADE LTDA,66.323.874/0001-98,MG,Betim,Mini Rede,66323874000198
000187,EMPÓRIO FERREIRA LTDA,41.610.825/0001-05,DF,Brasília,Mercado de Bairro,41610825000105
000188,COMERCIAL COSTA - ME,15.468.840/0001-50,MG,Belo Horizonte,Padaria,15468840000150
000189,EMPÓRIO DO VALE - ME,43.474.396/0001-11,MG,Betim,Bar/Restaurante,43474396000111
000190,SUPERMERCADO ALMEIDA LTDA,57.810.788/0001-19,DF,Brasília,Bar/Restaurante,57810788000119
000191,DISTRIBUIDORA DO VALE - ME,92.480.429/0001-41,MG,Uberlândia,Food Service,92480429000141
000192,COMÉRCIO DE ALIMENTOS ANDRADE LTDA,21.544.731/0001-78,SP,Franca,Mini Rede,21544731000178
000193,COMERCIAL NOGUEIRA LTDA,82.909.398/0001-48,SP,Franca,Mercado de Bairro,82909398000148
000194,SUPERMERCADO OLIVEIRA EIRELI,87.202.018/0001-54,GO,Goiânia,Mercado de Bairro,87202018000154
000195,COMÉRCIO DE ALIMENTOS PEREIRA - ME,60.945.237/0001-77,GO,Anápolis,Conveniência,60945237000177
000196,EMPÓRIO ANDRADE - ME,46.215.059/0001-06,MG,Sete Lagoas,Conveniência,46215059000106
000197,MERCADO ALMEIDA - ME,98.406.745/0001-50,DF,Taguatinga,Mercado de Bairro,98406745000150
000198,EMPÓRIO PEREIRA LTDA,60.683.939/0001-20,MG,Sete Lagoas,Mini Rede,60683939000120
000199,COMÉRCIO DE ALIMENTOS COSTA LTDA,25.692.631/0001-40,GO,Aparecida de Goiânia,Padaria,25692631000140
000200,MERCADO DO VALE LTDA,15.443.661/0001-69,ES,Serra,Food Service,15443661000169
000201,COMÉRCIO DE ALIMENTOS ANDRADE LTDA,29.021.181/0001-14,SP,Ribeirão Preto,Padaria,29021181000114
000202,SUPERMERCADO COSTA LTDA,68.186.629/0001-01,GO,Goiânia,Conveniência,68186629000101
000203,COMÉRCIO DE ALIMENTOS REZENDE - ME,96.736.040/0001-75,DF,Brasília,Padaria,96736040000175
000204,COMÉRCIO DE ALIMENTOS REZENDE LTDA,79.584.846/0001-76,SP,São Paulo,Mercado de Bairro,79584846000176
000205,COMÉRCIO DE ALIMENTOS COSTA EIRELI,75.940.949/0001-70,GO,Anápolis,Conveniência,75940949000170
000206,SUPERMERCADO ALMEIDA - ME,14.210.829/0001-23,MG,Betim,Bar/Restaurante,14210829000123
000207,SUPERMERCADO SOUZA - ME,10.918.810/0001-85,MG,Belo Horizonte,Mercado de Bairro,10918810000185
000208,MERCADO REZENDE LTDA,35.915.134/0001-17,SP,Ribeirão Preto,Food Service,35915134000117
000209,EMPÓRIO SOUZA - ME,77.303.048/0001-01,MG,Sete Lagoas,Food Service,77303048000101
000210,COMERCIAL FERREIRA EIRELI,96.240.982/0001-68,MG,Uberlândia,Mini Rede,96240982000168
000211,DISTRIBUIDORA PEREIRA LTDA,23.407.064/0001-07,MG,Contagem,Padaria,23407064000107
000212,SUPERMERCADO REZENDE LTDA,27.477.206/0001-63,MG,Contagem,Padaria,27477206000163
000213,DISTRIBUIDORA BITTENCOURT LTDA,80.786.414/0001-27,MG,Betim,Mini Rede,80786414000127
000214,DISTRIBUIDORA DO VALE LTDA,16.145.209/0001-83,MG,Sete Lagoas,Conveniência,16145209000183
000215,EMPÓRIO SILVA EIRELI,86.772.859/0001-34,ES,Vila Velha,Mini Rede,86772859000134
000216,DISTRIBUIDORA COSTA EIRELI,15.951.947/0001-55,MG,Contagem,Mini Rede,15951947000155
000217,MERCADO FERREIRA EIRELI,80.166.117/0001-89,MG,Contagem,Bar/Restaurante,80166117000189
000218,COMERCIAL ANDRADE EIRELI,30.467.601/0001-70,DF,Taguatinga,Mercado de Bairro,30467601000170
000219,SUPERMERCADO REZENDE - ME,92.847.558/0001-25,MG,Belo Horizonte,Padaria,92847558000125
000220,EMPÓRIO SOUZA EIRELI,71.708.921/0001-51,MG,Betim,Conveniência,71708921000151
000221,EMPÓRIO ANDRADE LTDA,58.767.821/0001-38,SP,Ribeirão Preto,Food Service,58767821000138
000222,COMERCIAL FERREIRA - ME,45.852.222/0001-70,DF,Brasília,Padaria,45852222000170
000223,SUPERMERCADO REZENDE LTDA,81.676.318/0001-99,MG,Contagem,Conveniência,81676318000199
000224,COMERCIAL NOGUEIRA EIRELI,32.144.254/0001-70,MG,Contagem,Conveniência,32144254000170
000225,MERCADO NOGUEIRA LTDA,86.725.381/0001-91,DF,Taguatinga,Food Service,86725381000191
000226,COMERCIAL COSTA LTDA,93.065.953/0001-19,BA,Luís Eduardo Magalhães,Food Service,93065953000119
000227,EMPÓRIO SILVA - ME,37.470.830/0001-92,GO,Goiânia,Mercado de Bairro,37470830000192
000228,SUPERMERCADO OLIVEIRA EIRELI,85.860.563/0001-02,MG,Contagem,Conveniência,85860563000102
000229,COMERCIAL BITTENCOURT LTDA,99.003.658/0001-14,MG,Uberlândia,Food Service,99003658000114
000230,COMERCIAL SILVA LTDA,14.550.340/0001-09,MG,Juiz de Fora,Mini Rede,14550340000109
000231,MERCADO ALMEIDA LTDA,78.701.003/0001-40,MG,Uberlândia,Padaria,78701003000140
000232,MERCADO BITTENCOURT LTDA,13.068.224/0001-87,GO,Anápolis,Bar/Restaurante,13068224000187
000233,MERCADO DO VALE LTDA,95.593.136/0001-69,MG,Contagem,Mercado de Bairro,95593136000169
000234,COMERCIAL SOUZA LTDA,98.835.431/0001-72,MG,Belo Horizonte,Mini Rede,98835431000172
000235,COMERCIAL FERREIRA LTDA,81.151.905/0001-64,GO,Aparecida de Goiânia,Mini Rede,81151905000164
000236,MERCADO ANDRADE LTDA,64.546.096/0001-70,MG,Betim,Mercado de Bairro,64546096000170
000237,SUPERMERCADO SOUZA EIRELI,80.559.597/0001-48,MG,Contagem,Conveniência,80559597000148
000238,MERCADO PEREIRA - ME,46.244.259/0001-89,ES,Vila Velha,Conveniência,46244259000189
000239,COMÉRCIO DE ALIMENTOS BITTENCOURT LTDA,78.588.275/0001-85,MG,Belo Horizonte,Mercado de Bairro,78588275000185
000240,EMPÓRIO SOUZA - ME,27.489.931/0001-51,MG,Sete Lagoas,Food Service,27489931000151
000241,DISTRIBUIDORA ALMEIDA - ME,46.186.527/0001-53,GO,Aparecida de Goiânia,Padaria,46186527000153
000242,SUPERMERCADO BITTENCOURT LTDA,10.387.580/0001-75,GO,Goiânia,Mercado de Bairro,10387580000175
000243,SUPERMERCADO OLIVEIRA - ME,20.618.775/0001-32,GO,Goiânia,Mini Rede,20618775000132
000244,EMPÓRIO REZENDE LTDA,87.853.826/0001-81,MG,Juiz de Fora,Mini Rede,87853826000181
000245,COMERCIAL FERREIRA LTDA,51.245.607/0001-72,MG,Uberlândia,Padaria,51245607000172
000246,EMPÓRIO OLIVEIRA LTDA,90.314.099/0001-99,ES,Serra,Padaria,90314099000199
000247,MERCADO ALMEIDA - ME,77.180.130/0001-88,SP,Ribeirão Preto,Food Service,77180130000188
000248,DISTRIBUIDORA ANDRADE EIRELI,93.558.829/0001-95,MG,Sete Lagoas,Bar/Restaurante,93558829000195
000249,COMÉRCIO DE ALIMENTOS OLIVEIRA - ME,40.315.455/0001-10,SP,Ribeirão Preto,Bar/Restaurante,40315455000110
000250,COMÉRCIO DE ALIMENTOS OLIVEIRA - ME,31.099.129/0001-22,MG,Sete Lagoas,Conveniência,31099129000122
000251,DISTRIBUIDORA COSTA - ME,49.150.266/0001-00,DF,Taguatinga,Food Service,49150266000100
000252,MERCADO PEREIRA EIRELI,54.614.006/0001-88,SP,São Paulo,Mercado de Bairro,54614006000188
000253,COMERCIAL COSTA LTDA,21.107.679/0001-92,BA,Barreiras,Padaria,21107679000192
000254,MERCADO REZENDE LTDA,36.971.340/0001-07,MG,Juiz de Fora,Food Service,36971340000107
000255,MERCADO OLIVEIRA - ME,72.158.662/0001-03,MG,Sete Lagoas,Conveniência,72158662000103
000256,COMERCIAL OLIVEIRA - ME,31.717.459/0001-34,MG,Belo Horizonte,Mini Rede,31717459000134
000257,COMERCIAL DO VALE LTDA,53.826.850/0001-00,SP,Ribeirão Preto,Padaria,53826850000100
000258,DISTRIBUIDORA ANDRADE - ME,21.906.017/0001-82,SP,Ribeirão Preto,Mercado de Bairro,21906017000182
000259,EMPÓRIO FERREIRA LTDA,60.055.480/0001-10,ES,Serra,Conveniência,60055480000110
000260,EMPÓRIO BITTENCOURT EIRELI,37.682.239/0001-07,GO,Rio Verde,Bar/Restaurante,37682239000107
000261,MERCADO OLIVEIRA - ME,40.374.316/0001-68,GO,Goiânia,Conveniência,40374316000168
000262,COMERCIAL SOUZA LTDA,45.122.221/0001-70,GO,Rio Verde,Mercado de Bairro,45122221000170
000263,COMERCIAL BITTENCOURT LTDA,29.229.672/0001-55,MG,Sete Lagoas,Food Service,29229672000155
000264,COMERCIAL ALMEIDA LTDA,99.737.879/0001-16,SP,Ribeirão Preto,Conveniência,99737879000116
000265,MERCADO COSTA LTDA,91.306.263/0001-89,ES,Vila Velha,Bar/Restaurante,91306263000189
000266,MERCADO NOGUEIRA LTDA,38.162.438/0001-49,SP,Franca,Padaria,38162438000149
000267,COMÉRCIO DE ALIMENTOS SOUZA - ME,63.998.018/0001-44,ES,Serra,Bar/Restaurante,63998018000144
000268,SUPERMERCADO FERREIRA - ME,37.128.428/0001-24,MG,Contagem,Mini Rede,37128428000124
000269,COMÉRCIO DE ALIMENTOS NOGUEIRA - ME,84.424.052/0001-85,SP,Ribeirão Preto,Mini Rede,84424052000185
000270,COMÉRCIO DE ALIMENTOS BITTENCOURT EIRELI,18.277.465/0001-50,DF,Taguatinga,Bar/Restaurante,18277465000150
000271,EMPÓRIO ANDRADE - ME,77.961.882/0001-86,GO,Aparecida de Goiânia,Padaria,77961882000186
000272,MERCADO FERREIRA LTDA,28.920.694/0001-02,MG,Belo Horizonte,Mini Rede,28920694000102
000273,MERCADO PEREIRA LTDA,36.375.626/0001-20,DF,Taguatinga,Food Service,36375626000120
000274,EMPÓRIO NOGUEIRA - ME,85.502.880/0001-57,GO,Rio Verde,Food Service,85502880000157
000275,EMPÓRIO SOUZA LTDA,91.624.130/0001-50,GO,Rio Verde,Mini Rede,91624130000150
000276,COMERCIAL ALMEIDA LTDA,70.810.764/0001-28,MG,Sete Lagoas,Conveniência,70810764000128
000277,COMÉRCIO DE ALIMENTOS PEREIRA LTDA,81.159.064/0001-31,MG,Contagem,Padaria,81159064000131
000278,COMERCIAL SOUZA - ME,65.465.440/0001-60,GO,Anápolis,Bar/Restaurante,65465440000160
000279,DISTRIBUIDORA COSTA LTDA,80.922.462/0001-03,GO,Goiânia,Food Service,80922462000103
000280,COMÉRCIO DE ALIMENTOS SOUZA LTDA,67.106.680/0001-01,DF,Brasília,Food Service,67106680000101
000281,MERCADO SILVA EIRELI,89.163.206/0001-46,MG,Juiz de Fora,Mini Rede,89163206000146
000282,COMERCIAL OLIVEIRA EIRELI,98.111.507/0001-17,SP,Franca,Conveniência,98111507000117
000283,COMÉRCIO DE ALIMENTOS SILVA LTDA,70.439.732/0001-68,DF,Brasília,Food Service,70439732000168
000284,DISTRIBUIDORA FERREIRA EIRELI,72.640.101/0001-38,MG,Contagem,Mini Rede,72640101000138
000285,COMERCIAL OLIVEIRA EIRELI,17.682.103/0001-81,BA,Luís Eduardo Magalhães,Mini Rede,17682103000181
000286,DISTRIBUIDORA ALMEIDA EIRELI,85.465.853/0001-51,MG,Juiz de Fora,Conveniência,85465853000151
000287,COMÉRCIO DE ALIMENTOS REZENDE EIRELI,72.808.595/0001-17,MG,Betim,Bar/Restaurante,72808595000117
000288,COMERCIAL COSTA LTDA,46.269.511/0001-04,MG,Uberlândia,Food Service,46269511000104
000289,COMERCIAL SILVA EIRELI,43.623.482/0001-49,BA,Barreiras,Mini Rede,43623482000149
000290,DISTRIBUIDORA ALMEIDA - ME,80.122.356/0001-37,MG,Uberlândia,Conveniência,80122356000137
000291,DISTRIBUIDORA ANDRADE LTDA,77.899.299/0001-92,SP,Ribeirão Preto,Bar/Restaurante,77899299000192
000292,EMPÓRIO NOGUEIRA LTDA,26.150.730/0001-62,GO,Rio Verde,Mini Rede,26150730000162
000293,SUPERMERCADO BITTENCOURT LTDA,38.725.436/0001-10,MG,Betim,Mini Rede,38725436000110
000294,EMPÓRIO ANDRADE - ME,89.296.062/0001-04,MG,Belo Horizonte,Bar/Restaurante,89296062000104
000295,DISTRIBUIDORA ANDRADE LTDA,93.525.391/0001-49,MG,Contagem,Padaria,93525391000149
000296,COMÉRCIO DE ALIMENTOS REZENDE LTDA,85.207.325/0001-00,DF,Brasília,Padaria,85207325000100
000297,EMPÓRIO SOUZA LTDA,82.312.476/0001-22,BA,Barreiras,Mini Rede,82312476000122
000298,COMERCIAL ANDRADE LTDA,47.435.005/0001-00,MG,Belo Horizonte,Conveniência,47435005000100
000299,COMÉRCIO DE ALIMENTOS OLIVEIRA LTDA,25.933.331/0001-05,SP,São Paulo,Mercado de Bairro,25933331000105
000300,COMERCIAL FERREIRA - ME,53.900.999/0001-91,MG,Betim,Bar/Restaurante,53900999000191
000301,COMERCIAL DO VALE LTDA,92.970.272/0001-32,SP,São Paulo,Food Service,92970272000132
000302,SUPERMERCADO SILVA - ME,17.905.236/0001-70,MG,Uberlândia,Mercado de Bairro,17905236000170
000303,COMERCIAL FERREIRA EIRELI,84.926.383/0001-13,MG,Sete Lagoas,Mini Rede,84926383000113
000304,COMÉRCIO DE ALIMENTOS PEREIRA - ME,59.325.874/0001-61,MG,Sete Lagoas,Food Service,59325874000161
000305,COMERCIAL SILVA LTDA,47.721.552/0001-52,SP,Franca,Bar/Restaurante,47721552000152
000306,SUPERMERCADO BITTENCOURT EIRELI,83.983.097/0001-27,SP,Franca,Conveniência,83983097000127
000307,EMPÓRIO SILVA LTDA,61.990.999/0001-58,GO,Goiânia,Conveniência,61990999000158
000308,COMERCIAL ANDRADE - ME,35.876.766/0001-19,SP,Franca,Mercado de Bairro,35876766000119
000309,COMERCIAL FERREIRA LTDA,48.858.408/0001-25,MG,Uberlândia,Mini Rede,48858408000125
000310,COMERCIAL SOUZA LTDA,94.255.413/0001-60,MG,Sete Lagoas,Mercado de Bairro,94255413000160
000311,COMÉRCIO DE ALIMENTOS BITTENCOURT LTDA,23.001.150/0001-15,GO,Rio Verde,Conveniência,23001150000115
000312,COMÉRCIO DE ALIMENTOS ANDRADE EIRELI,22.315.396/0001-07,BA,Luís Eduardo Magalhães,Mercado de Bairro,22315396000107
000313,EMPÓRIO ALMEIDA - ME,65.140.209/0001-04,MG,Juiz de Fora,Mercado de Bairro,65140209000104
000314,COMERCIAL BITTENCOURT EIRELI,43.960.425/0001-55,MG,Betim,Mini Rede,43960425000155
000315,DISTRIBUIDORA REZENDE LTDA,81.135.542/0001-73,MG,Sete Lagoas,Conveniência,81135542000173
000316,COMÉRCIO DE ALIMENTOS COSTA EIRELI,20.126.027/0001-32,GO,Anápolis,Mercado de Bairro,20126027000132
000317,DISTRIBUIDORA OLIVEIRA - ME,94.658.665/0001-30,GO,Rio Verde,Padaria,94658665000130
000318,COMÉRCIO DE ALIMENTOS OLIVEIRA EIRELI,81.566.232/0001-03,GO,Aparecida de Goiânia,Padaria,81566232000103
000319,COMÉRCIO DE ALIMENTOS FERREIRA - ME,62.669.463/0001-06,GO,Anápolis,Bar/Restaurante,62669463000106
000320,SUPERMERCADO BITTENCOURT LTDA,91.914.230/0001-11,SP,São Paulo,Padaria,91914230000111
000321,MERCADO SILVA LTDA,18.780.973/0001-56,SP,Franca,Mini Rede,18780973000156
000322,DISTRIBUIDORA NOGUEIRA EIRELI,28.678.964/0001-02,MG,Sete Lagoas,Mercado de Bairro,28678964000102
000323,COMÉRCIO DE ALIMENTOS NOGUEIRA - ME,68.347.165/0001-78,GO,Rio Verde,Bar/Restaurante,68347165000178
000324,COMÉRCIO DE ALIMENTOS FERREIRA EIRELI,91.992.832/0001-97,MG,Juiz de Fora,Mini Rede,91992832000197
000325,COMERCIAL FERREIRA LTDA,79.959.642/0001-72,MG,Juiz de Fora,Padaria,79959642000172
000326,EMPÓRIO PEREIRA LTDA,86.666.779/0001-02,MG,Juiz de Fora,Food Service,86666779000102
000327,SUPERMERCADO COSTA EIRELI,77.105.186/0001-78,MG,Contagem,Bar/Restaurante,77105186000178
000328,MERCADO ALMEIDA LTDA,42.018.078/0001-83,GO,Rio Verde,Food Service,42018078000183
000329,COMERCIAL REZENDE LTDA,91.606.366/0001-64,DF,Taguatinga,Mini Rede,91606366000164
000330,DISTRIBUIDORA ALMEIDA EIRELI,22.825.086/0001-24,MG,Contagem,Conveniência,22825086000124
000331,EMPÓRIO OLIVEIRA - ME,32.286.964/0001-34,GO,Anápolis,Food Service,32286964000134
000332,SUPERMERCADO OLIVEIRA LTDA,24.963.509/0001-06,MG,Betim,Conveniência,24963509000106
000333,COMÉRCIO DE ALIMENTOS OLIVEIRA LTDA,53.242.901/0001-56,DF,Brasília,Bar/Restaurante,53242901000156
000334,COMÉRCIO DE ALIMENTOS PEREIRA - ME,50.549.246/0001-95,MG,Betim,Bar/Restaurante,50549246000195
000335,MERCADO REZENDE EIRELI,21.565.387/0001-01,GO,Anápolis,Bar/Restaurante,21565387000101
000336,SUPERMERCADO SOUZA LTDA,37.584.052/0001-62,ES,Vila Velha,Food Service,37584052000162
000337,MERCADO ALMEIDA LTDA,46.238.469/0001-64,GO,Rio Verde,Mercado de Bairro,46238469000164
000338,COMERCIAL SOUZA EIRELI,30.365.082/0001-39,SP,Franca,Food Service,30365082000139
000339,MERCADO SILVA LTDA,50.498.497/0001-98,SP,Franca,Bar/Restaurante,50498497000198
000340,DISTRIBUIDORA NOGUEIRA LTDA,81.396.485/0001-86,MG,Betim,Conveniência,81396485000186
000341,COMERCIAL BITTENCOURT - ME,26.344.653/0001-81,SP,São Paulo,Food Service,26344653000181
000342,MERCADO SOUZA LTDA,11.160.792/0001-88,SP,Ribeirão Preto,Bar/Restaurante,11160792000188
000343,COMERCIAL ANDRADE EIRELI,17.866.817/0001-40,DF,Taguatinga,Padaria,17866817000140
000344,MERCADO ANDRADE LTDA,65.477.673/0001-82,MG,Betim,Mercado de Bairro,65477673000182
000345,SUPERMERCADO NOGUEIRA - ME,58.298.014/0001-13,MG,Sete Lagoas,Conveniência,58298014000113
000346,DISTRIBUIDORA PEREIRA LTDA,54.910.447/0001-27,SP,São Paulo,Padaria,54910447000127
000347,COMERCIAL PEREIRA - ME,24.830.389/0001-60,DF,Taguatinga,Conveniência,24830389000160
000348,COMÉRCIO DE ALIMENTOS FERREIRA LTDA,60.017.491/0001-05,MG,Uberlândia,Padaria,60017491000105
000349,COMÉRCIO DE ALIMENTOS OLIVEIRA EIRELI,17.765.126/0001-50,GO,Rio Verde,Mini Rede,17765126000150
000350,MERCADO COSTA - ME,48.507.144/0001-65,MG,Juiz de Fora,Mini Rede,48507144000165
000351,EMPÓRIO OLIVEIRA EIRELI,32.810.705/0001-60,GO,Aparecida de Goiânia,Conveniência,32810705000160
000352,COMERCIAL COSTA - ME,59.615.555/0001-90,MG,Belo Horizonte,Conveniência,59615555000190
000353,COMÉRCIO DE ALIMENTOS COSTA EIRELI,78.588.306/0001-06,ES,Vila Velha,Padaria,78588306000106
000354,SUPERMERCADO REZENDE EIRELI,11.852.040/0001-88,MG,Belo Horizonte,Mercado de Bairro,11852040000188
000355,COMERCIAL SILVA LTDA,20.616.788/0001-72,GO,Goiânia,Bar/Restaurante,20616788000172
000356,COMERCIAL BITTENCOURT - ME,53.429.699/0001-76,MG,Contagem,Conveniência,53429699000176
000357,COMERCIAL SOUZA LTDA,79.535.909/0001-02,MG,Contagem,Padaria,79535909000102
000358,MERCADO ANDRADE EIRELI,79.442.459/0001-03,BA,Barreiras,Mini Rede,79442459000103
000359,COMERCIAL OLIVEIRA LTDA,49.511.915/0001-50,GO,Anápolis,Mercado de Bairro,49511915000150
000360,SUPERMERCADO ANDRADE LTDA,49.487.465/0001-08,SP,São Paulo,Mini Rede,49487465000108
000361,DISTRIBUIDORA SOUZA LTDA,48.136.069/0001-73,GO,Goiânia,Mini Rede,48136069000173
000362,EMPÓRIO SILVA LTDA,96.111.469/0001-77,SP,Franca,Conveniência,96111469000177
000363,DISTRIBUIDORA SILVA LTDA,81.860.133/0001-30,MG,Juiz de Fora,Food Service,81860133000130
000364,COMERCIAL ALMEIDA LTDA,64.504.330/0001-05,GO,Anápolis,Food Service,64504330000105
000365,COMERCIAL SILVA LTDA,26.765.567/0001-42,DF,Taguatinga,Food Service,26765567000142
000366,MERCADO PEREIRA - ME,98.979.308/0001-25,SP,Franca,Conveniência,98979308000125
000367,EMPÓRIO ANDRADE LTDA,92.095.796/0001-21,MG,Belo Horizonte,Bar/Restaurante,92095796000121
000368,EMPÓRIO DO VALE - ME,87.905.425/0001-28,SP,São Paulo,Bar/Restaurante,87905425000128
000369,SUPERMERCADO DO VALE LTDA,80.788.190/0001-92,MG,Contagem,Mercado de Bairro,80788190000192
000370,DISTRIBUIDORA SOUZA EIRELI,97.321.871/0001-49,MG,Contagem,Conveniência,97321871000149
000371,COMÉRCIO DE ALIMENTOS FERREIRA LTDA,58.158.856/0001-70,GO,Rio Verde,Mini Rede,58158856000170
000372,DISTRIBUIDORA NOGUEIRA LTDA,27.705.079/0001-02,MG,Juiz de Fora,Food Service,27705079000102
000373,MERCADO OLIVEIRA EIRELI,91.382.678/0001-31,MG,Sete Lagoas,Food Service,91382678000131
000374,MERCADO ANDRADE LTDA,51.324.283/0001-68,BA,Barreiras,Padaria,51324283000168
000375,MERCADO NOGUEIRA EIRELI,94.136.840/0001-20,MG,Uberlândia,Mini Rede,94136840000120
000376,EMPÓRIO FERREIRA EIRELI,11.215.195/0001-03,MG,Uberlândia,Padaria,11215195000103
000377,SUPERMERCADO NOGUEIRA - ME,62.748.308/0001-77,DF,Taguatinga,Conveniência,62748308000177
000378,DISTRIBUIDORA DO VALE LTDA,72.071.875/0001-95,BA,Luís Eduardo Magalhães,Mini Rede,72071875000195
000379,DISTRIBUIDORA NOGUEIRA LTDA,58.074.643/0001-60,GO,Aparecida de Goiânia,Mercado de Bairro,58074643000160
000380,DISTRIBUIDORA OLIVEIRA EIRELI,60.494.518/0001-50,MG,Contagem,Mercado de Bairro,60494518000150
000381,COMERCIAL BITTENCOURT EIRELI,36.567.575/0001-38,MG,Betim,Bar/Restaurante,36567575000138
000382,EMPÓRIO SOUZA EIRELI,64.374.297/0001-38,MG,Betim,Mercado de Bairro,64374297000138
000383,MERCADO SILVA LTDA,57.422.053/0001-18,DF,Brasília,Bar/Restaurante,57422053000118
000384,EMPÓRIO BITTENCOURT - ME,29.190.792/0001-96,MG,Sete Lagoas,Padaria,29190792000196
000385,COMERCIAL NOGUEIRA LTDA,19.218.420/0001-77,DF,Taguatinga,Mini Rede,19218420000177
000386,COMÉRCIO DE ALIMENTOS COSTA LTDA,30.822.545/0001-44,GO,Aparecida de Goiânia,Padaria,30822545000144
000387,EMPÓRIO DO VALE - ME,17.893.445/0001-40,GO,Rio Verde,Mercado de Bairro,17893445000140
000388,EMPÓRIO PEREIRA EIRELI,83.378.982/0001-87,MG,Betim,Mini Rede,83378982000187
000389,COMÉRCIO DE ALIMENTOS ALMEIDA EIRELI,46.742.233/0001-60,MG,Contagem,Mini Rede,46742233000160
000390,COMÉRCIO DE ALIMENTOS NOGUEIRA - ME,94.634.105/0001-46,MG,Juiz de Fora,Mercado de Bairro,94634105000146
000391,DISTRIBUIDORA OLIVEIRA - ME,61.698.980/0001-32,MG,Belo Horizonte,Bar/Restaurante,61698980000132
000392,MERCADO ALMEIDA - ME,17.451.199/0001-77,MG,Belo Horizonte,Conveniência,17451199000177
000393,DISTRIBUIDORA REZENDE LTDA,66.741.003/0001-94,MG,Contagem,Mini Rede,66741003000194
000394,COMERCIAL PEREIRA - ME,28.400.998/0001-30,GO,Aparecida de Goiânia,Conveniência,28400998000130
000395,SUPERMERCADO PEREIRA LTDA,58.427.776/0001-72,MG,Belo Horizonte,Bar/Restaurante,58427776000172
000396,COMERCIAL NOGUEIRA EIRELI,26.294.540/0001-19,GO,Goiânia,Conveniência,26294540000119
000397,EMPÓRIO SILVA LTDA,13.434.081/0001-80,BA,Barreiras,Food Service,13434081000180
000398,EMPÓRIO REZENDE LTDA,72.996.190/0001-50,GO,Goiânia,Mini Rede,72996190000150
000399,DISTRIBUIDORA SOUZA LTDA,55.462.060/0001-18,MG,Uberlândia,Mercado de Bairro,55462060000118
000400,MERCADO BITTENCOURT - ME,13.776.162/0001-68,MG,Juiz de Fora,Bar/Restaurante,13776162000168
000401,EMPÓRIO SOUZA EIRELI,95.349.508/0001-06,MG,Contagem,Padaria,95349508000106
000402,DISTRIBUIDORA ALMEIDA EIRELI,62.421.573/0001-46,GO,Aparecida de Goiânia,Bar/Restaurante,62421573000146
000403,COMERCIAL REZENDE EIRELI,10.418.132/0001-91,MG,Uberlândia,Bar/Restaurante,10418132000191
000404,SUPERMERCADO ANDRADE LTDA,77.835.460/0001-64,MG,Sete Lagoas,Mini Rede,77835460000164
000405,DISTRIBUIDORA NOGUEIRA LTDA,83.718.560/0001-03,DF,Brasília,Mini Rede,83718560000103
000406,EMPÓRIO COSTA EIRELI,68.446.982/0001-83,DF,Brasília,Bar/Restaurante,68446982000183
000407,SUPERMERCADO FERREIRA LTDA,37.675.684/0001-31,DF,Taguatinga,Padaria,37675684000131
000408,DISTRIBUIDORA SOUZA LTDA,51.397.076/0001-33,SP,São Paulo,Mercado de Bairro,51397076000133
000409,DISTRIBUIDORA NOGUEIRA EIRELI,35.126.878/0001-52,DF,Brasília,Food Service,35126878000152
000410,EMPÓRIO PEREIRA - ME,31.490.275/0001-84,GO,Goiânia,Bar/Restaurante,31490275000184
000411,EMPÓRIO SILVA EIRELI,96.879.242/0001-76,GO,Aparecida de Goiânia,Padaria,96879242000176
000412,COMÉRCIO DE ALIMENTOS NOGUEIRA EIRELI,86.924.357/0001-81,GO,Aparecida de Goiânia,Bar/Restaurante,86924357000181
000413,DISTRIBUIDORA OLIVEIRA LTDA,58.565.706/0001-80,MG,Betim,Mercado de Bairro,58565706000180
000414,EMPÓRIO OLIVEIRA - ME,56.117.401/0001-80,ES,Serra,Bar/Restaurante,56117401000180
000415,DISTRIBUIDORA FERREIRA LTDA,52.130.696/0001-74,MG,Betim,Conveniência,52130696000174
000416,COMÉRCIO DE ALIMENTOS DO VALE LTDA,82.392.098/0001-34,MG,Betim,Padaria,82392098000134
000417,COMÉRCIO DE ALIMENTOS DO VALE LTDA,24.056.021/0001-97,BA,Barreiras,Food Service,24056021000197
000418,EMPÓRIO ALMEIDA - ME,72.880.131/0001-11,MG,Sete Lagoas,Mini Rede,72880131000111
000419,SUPERMERCADO BITTENCOURT LTDA,70.979.052/0001-37,MG,Uberlândia,Food Service,70979052000137
000420,EMPÓRIO ALMEIDA EIRELI,11.011.647/0001-35,GO,Anápolis,Mercado de Bairro,11011647000135
000421,DISTRIBUIDORA ANDRADE EIRELI,73.125.535/0001-62,GO,Anápolis,Mini Rede,73125535000162
000422,DISTRIBUIDORA COSTA LTDA,81.545.376/0001-83,BA,Barreiras,Mercado de Bairro,81545376000183
000423,DISTRIBUIDORA ALMEIDA EIRELI,54.719.802/0001-85,GO,Goiânia,Mercado de Bairro,54719802000185
000424,SUPERMERCADO FERREIRA LTDA,36.124.688/0001-69,GO,Anápolis,Food Service,36124688000169
000425,SUPERMERCADO ALMEIDA LTDA,61.599.740/0001-80,SP,Franca,Bar/Restaurante,61599740000180
000426,SUPERMERCADO BITTENCOURT EIRELI,16.722.177/0001-31,MG,Uberlândia,Mercado de Bairro,16722177000131
000427,COMERCIAL ALMEIDA LTDA,31.028.242/0001-17,SP,São Paulo,Conveniência,31028242000117
000428,SUPERMERCADO FERREIRA EIRELI,84.972.171/0001-72,BA,Barreiras,Mini Rede,84972171000172
000429,DISTRIBUIDORA DO VALE LTDA,19.662.205/0001-60,BA,Barreiras,Mini Rede,19662205000160
000430,COMÉRCIO DE ALIMENTOS FERREIRA LTDA,43.829.156/0001-92,SP,Ribeirão Preto,Mercado de Bairro,43829156000192
000431,EMPÓRIO SOUZA EIRELI,48.850.870/0001-86,MG,Belo Horizonte,Mini Rede,48850870000186
000432,COMERCIAL OLIVEIRA EIRELI,59.644.140/0001-45,GO,Aparecida de Goiânia,Mercado de Bairro,59644140000145
000433,DISTRIBUIDORA ALMEIDA LTDA,36.969.452/0001-23,BA,Luís Eduardo Magalhães,Bar/Restaurante,36969452000123
000434,MERCADO COSTA EIRELI,71.684.935/0001-82,SP,Franca,Mercado de Bairro,71684935000182
000435,EMPÓRIO SOUZA - ME,28.217.852/0001-54,GO,Rio Verde,Food Service,28217852000154
000436,MERCADO BITTENCOURT - ME,46.243.330/0001-09,MG,Sete Lagoas,Conveniência,46243330000109
000437,COMERCIAL SOUZA - ME,27.650.258/0001-90,MG,Sete Lagoas,Conveniência,27650258000190
000438,COMÉRCIO DE ALIMENTOS BITTENCOURT LTDA,80.093.313/0001-70,MG,Sete Lagoas,Padaria,80093313000170
000439,DISTRIBUIDORA PEREIRA - ME,10.826.789/0001-98,DF,Taguatinga,Food Service,10826789000198
000440,COMERCIAL NOGUEIRA - ME,46.483.128/0001-54,GO,Anápolis,Mini Rede,46483128000154
000441,DISTRIBUIDORA ALMEIDA LTDA,39.191.493/0001-20,MG,Juiz de Fora,Food Service,39191493000120
000442,COMÉRCIO DE ALIMENTOS FERREIRA LTDA,62.768.848/0001-12,BA,Barreiras,Bar/Restaurante,62768848000112
000443,MERCADO BITTENCOURT - ME,14.158.901/0001-10,GO,Anápolis,Bar/Restaurante,14158901000110
000444,EMPÓRIO DO VALE LTDA,69.468.408/0001-99,SP,São Paulo,Bar/Restaurante,69468408000199
000445,COMERCIAL OLIVEIRA LTDA,98.151.055/0001-05,ES,Serra,Padaria,98151055000105
000446,COMERCIAL SILVA LTDA,54.778.340/0001-77,MG,Juiz de Fora,Food Service,54778340000177
000447,COMERCIAL DO VALE LTDA,59.591.927/0001-96,MG,Belo Horizonte,Bar/Restaurante,59591927000196
000448,COMÉRCIO DE ALIMENTOS ANDRADE EIRELI,48.745.851/0001-90,BA,Barreiras,Conveniência,48745851000190
000449,MERCADO SILVA EIRELI,18.098.943/0001-64,MG,Juiz de Fora,Food Service,18098943000164
000450,COMERCIAL PEREIRA EIRELI,19.823.721/0001-20,GO,Rio Verde,Mini Rede,19823721000120
000451,MERCADO OLIVEIRA LTDA,45.043.178/0001-58,DF,Taguatinga,Food Service,45043178000158
000452,EMPÓRIO OLIVEIRA LTDA,89.643.645/0001-56,SP,Franca,Food Service,89643645000156
000453,SUPERMERCADO REZENDE LTDA,83.671.055/0001-50,MG,Uberlândia,Mini Rede,83671055000150
000454,SUPERMERCADO REZENDE EIRELI,78.094.242/0001-89,MG,Juiz de Fora,Bar/Restaurante,78094242000189
000455,MERCADO PEREIRA LTDA,89.940.220/0001-09,SP,Ribeirão Preto,Mini Rede,89940220000109
000456,SUPERMERCADO COSTA - ME,73.207.439/0001-63,GO,Rio Verde,Mercado de Bairro,73207439000163
000457,MERCADO REZENDE LTDA,47.554.210/0001-95,ES,Vila Velha,Mini Rede,47554210000195
000458,COMÉRCIO DE ALIMENTOS ANDRADE EIRELI,77.172.933/0001-90,MG,Betim,Mini Rede,77172933000190
000459,COMÉRCIO DE ALIMENTOS REZENDE LTDA,90.116.808/0001-21,SP,Franca,Mini Rede,90116808000121
000460,DISTRIBUIDORA SOUZA - ME,23.411.534/0001-06,MG,Sete Lagoas,Bar/Restaurante,23411534000106
000461,SUPERMERCADO FERREIRA LTDA,83.793.202/0001-65,SP,Ribeirão Preto,Bar/Restaurante,83793202000165
000462,SUPERMERCADO COSTA - ME,55.183.779/0001-10,MG,Belo Horizonte,Mini Rede,55183779000110
000463,MERCADO OLIVEIRA - ME,43.579.724/0001-44,GO,Rio Verde,Bar/Restaurante,43579724000144
000464,COMÉRCIO DE ALIMENTOS FERREIRA LTDA,13.638.278/0001-30,MG,Betim,Padaria,13638278000130
000465,DISTRIBUIDORA SOUZA - ME,99.788.902/0001-00,MG,Sete Lagoas,Bar/Restaurante,99788902000100
000466,COMÉRCIO DE ALIMENTOS SOUZA EIRELI,60.665.458/0001-91,DF,Taguatinga,Padaria,60665458000191
000467,EMPÓRIO COSTA LTDA,11.403.202/0001-09,MG,Uberlândia,Padaria,11403202000109
000468,MERCADO FERREIRA LTDA,87.708.925/0001-70,MG,Betim,Padaria,87708925000170
000469,MERCADO DO VALE LTDA,60.390.673/0001-27,ES,Vila Velha,Padaria,60390673000127
000470,EMPÓRIO ANDRADE EIRELI,18.888.158/0001-05,GO,Anápolis,Padaria,18888158000105
000471,MERCADO NOGUEIRA LTDA,35.784.223/0001-71,SP,São Paulo,Food Service,35784223000171
000472,MERCADO BITTENCOURT - ME,73.324.876/0001-67,BA,Luís Eduardo Magalhães,Padaria,73324876000167
000473,COMERCIAL PEREIRA LTDA,33.285.117/0001-18,SP,São Paulo,Conveniência,33285117000118
000474,COMÉRCIO DE ALIMENTOS SILVA EIRELI,93.463.163/0001-91,GO,Anápolis,Conveniência,93463163000191
000475,COMERCIAL OLIVEIRA LTDA,62.140.435/0001-99,DF,Brasília,Food Service,62140435000199
000476,DISTRIBUIDORA PEREIRA LTDA,50.846.646/0001-62,GO,Rio Verde,Bar/Restaurante,50846646000162
000477,COMÉRCIO DE ALIMENTOS BITTENCOURT - ME,26.163.648/0001-72,SP,São Paulo,Bar/Restaurante,26163648000172
000478,SUPERMERCADO FERREIRA LTDA,29.496.577/0001-18,MG,Betim,Bar/Restaurante,29496577000118
000479,MERCADO FERREIRA LTDA,59.271.282/0001-04,SP,São Paulo,Mini Rede,59271282000104
000480,SUPERMERCADO BITTENCOURT EIRELI,22.455.509/0001-61,SP,Ribeirão Preto,Mercado de Bairro,22455509000161
000481,EMPÓRIO BITTENCOURT LTDA,81.474.374/0001-40,MG,Betim,Mercado de Bairro,81474374000140
000482,COMERCIAL COSTA LTDA,93.103.157/0001-23,GO,Goiânia,Bar/Restaurante,93103157000123
000483,COMERCIAL BITTENCOURT - ME,14.351.464/0001-57,MG,Betim,Conveniência,14351464000157
000484,SUPERMERCADO COSTA - ME,41.285.930/0001-16,DF,Taguatinga,Mini Rede,41285930000116
000485,EMPÓRIO DO VALE EIRELI,95.223.037/0001-95,BA,Barreiras,Bar/Restaurante,95223037000195
000486,SUPERMERCADO REZENDE LTDA,11.621.368/0001-93,GO,Goiânia,Bar/Restaurante,11621368000193
000487,MERCADO FERREIRA LTDA,77.429.694/0001-01,GO,Rio Verde,Conveniência,77429694000101
000488,DISTRIBUIDORA OLIVEIRA LTDA,64.110.918/0001-76,MG,Juiz de Fora,Mercado de Bairro,64110918000176
000489,SUPERMERCADO NOGUEIRA EIRELI,61.333.543/0001-15,MG,Juiz de Fora,Food Service,61333543000115
000490,DISTRIBUIDORA DO VALE - ME,34.450.620/0001-44,MG,Betim,Conveniência,34450620000144
000491,COMÉRCIO DE ALIMENTOS NOGUEIRA - ME,74.883.762/0001-10,GO,Anápolis,Conveniência,74883762000110
000492,MERCADO FERREIRA - ME,68.347.357/0001-84,DF,Brasília,Bar/Restaurante,68347357000184
000493,MERCADO ALMEIDA LTDA,34.151.039/0001-21,SP,Franca,Padaria,34151039000121
000494,EMPÓRIO SOUZA LTDA,13.873.469/0001-87,SP,Franca,Food Service,13873469000187
000495,DISTRIBUIDORA SILVA LTDA,74.043.026/0001-53,MG,Uberlândia,Conveniência,74043026000153
000496,COMÉRCIO DE ALIMENTOS ANDRADE EIRELI,85.312.317/0001-16,MG,Belo Horizonte,Bar/Restaurante,85312317000116
000497,EMPÓRIO PEREIRA LTDA,42.928.119/0001-79,SP,Franca,Bar/Restaurante,42928119000179
000498,COMÉRCIO DE ALIMENTOS COSTA EIRELI,11.156.817/0001-70,BA,Luís Eduardo Magalhães,Mercado de Bairro,11156817000170
000499,COMERCIAL BITTENCOURT LTDA,85.440.126/0001-30,BA,Barreiras,Mini Rede,85440126000130
000500,COMERCIAL COSTA LTDA,92.209.621/0001-06,DF,Taguatinga,Bar/Restaurante,92209621000106
