COD_CLI;RAZAO_SOCIAL;CNPJ;UF;MUNICIPIO;SEGMENTO
000001;DISTRIBUIDORA ANDRADE EIRELI;23.642.449/0001-59;BA;Luís Eduardo Magalhães;Bar/Restaurante
000002;MERCADO SILVA LTDA;80.365.996/0001-78;SP;São Paulo;Conveniência
000003;COMERCIAL BITTENCOURT LTDA;85.130.776/0001-89;MG;Belo Horizonte;Mini Rede
000004;COMERCIAL REZENDE LTDA;54.070.082/0001-70;GO;Rio Verde;Mercado de Bairro
000005;COMERCIAL OLIVEIRA EIRELI;28.315.841/0001-07;GO;Goiânia;Mercado de Bairro
000006;DISTRIBUIDORA ANDRADE - ME;87.364.774/0001-80;MG;Betim;Conveniência
000007;DISTRIBUIDORA REZENDE LTDA;28.164.508/0001-44;GO;Rio Verde;Bar/Restaurante
000008;COMÉRCIO DE ALIMENTOS REZENDE LTDA;74.033.808/0001-01;GO;Rio Verde;Padaria
000009;MERCADO SOUZA EIRELI;11.383.047/0001-06;BA;Barreiras;Mercado de Bairro
000010;COMÉRCIO DE ALIMENTOS PEREIRA LTDA;16.689.783/0001-00;GO;Aparecida de Goiânia;Padaria
000011;MERCADO PEREIRA LTDA;40.251.873/0001-91;GO;Rio Verde;Bar/Restaurante
000012;DISTRIBUIDORA DO VALE - ME;65.748.058/0001-63;MG;Uberlândia;Mercado de Bairro
000013;SUPERMERCADO COSTA LTDA;83.346.368/0001-33;MG;Juiz de Fora;Bar/Restaurante
000014;COMÉRCIO DE ALIMENTOS DO VALE - ME;59.624.972/0001-08;BA;Luís Eduardo Magalhães;Mini Rede
000015;MERCADO NOGUEIRA EIRELI;26.859.132/0001-67;MG;Contagem;Padaria
000016;EMPÓRIO ALMEIDA - ME;95.833.918/0001-28;MG;Juiz de Fora;Food Service
000017;EMPÓRIO SILVA EIRELI;75.113.901/0001-99;BA;Luís Eduardo Magalhães;Food Service
000018;SUPERMERCADO COSTA LTDA;89.749.038/0001-75;ES;Vila Velha;Food Service
000019;SUPERMERCADO COSTA EIRELI;52.490.612/0001-03;MG;Juiz de Fora;Mini Rede
000020;SUPERMERCADO ALMEIDA LTDA;49.537.218/0001-79;BA;Barreiras;Padaria
000021;COMERCIAL NOGUEIRA - ME;74.181.438/0001-50;GO;Aparecida de Goiânia;Mercado de Bairro
000022;MERCADO ANDRADE - ME;38.236.211/0001-09;GO;Anápolis;Mini Rede
000023;COMÉRCIO DE ALIMENTOS ALMEIDA EIRELI;58.623.351/0001-39;DF;Brasília;Mini Rede
000024;SUPERMERCADO DO VALE EIRELI;89.056.128/0001-80;ES;Serra;Padaria
000025;COMÉRCIO DE ALIMENTOS ALMEIDA - ME;40.340.490/0001-90;MG;Juiz de Fora;Mini Rede
000026;EMPÓRIO SOUZA EIRELI;69.663.175/0001-85;MG;Juiz de Fora;Mercado de Bairro
000027;DISTRIBUIDORA BITTENCOURT EIRELI;35.427.803/0001-01;MG;Betim;Padaria
000028;MERCADO DO VALE EIRELI;98.251.947/0001-70;MG;Belo Horizonte;Mercado de Bairro
000029;SUPERMERCADO REZENDE - ME;85.841.693/0001-06;GO;Anápolis;Conveniência
000030;DISTRIBUIDORA ALMEIDA LTDA;40.398.229/0001-40;MG;Sete Lagoas;Bar/Restaurante
000031;COMÉRCIO DE ALIMENTOS COSTA LTDA;38.824.042/0001-10;GO;Goiânia;Mercado de Bairro
000032;MERCADO OLIVEIRA - ME;61.102.153/0001-34;MG;Juiz de Fora;Food Service
000033;EMPÓRIO ANDRADE LTDA;91.016.475/0001-21;GO;Anápolis;Mini Rede
000034;EMPÓRIO BITTENCOURT LTDA;88.586.061/0001-23;GO;Aparecida de Goiânia;Bar/Restaurante
000035;DISTRIBUIDORA BITTENCOURT LTDA;74.367.721/0001-70;BA;Barreiras;Mini Rede
000036;DISTRIBUIDORA NOGUEIRA EIRELI;46.851.782/0001-73;MG;Contagem;Food Service
000037;SUPERMERCADO NOGUEIRA LTDA;20.327.066/0001-06;BA;Barreiras;Bar/Restaurante
000038;DISTRIBUIDORA PEREIRA EIRELI;50.135.284/0001-00;MG;Belo Horizonte;Food Service
000039;COMERCIAL SILVA EIRELI;44.602.645/0001-70;BA;Luís Eduardo Magalhães;Food Service
000040;COMÉRCIO DE ALIMENTOS SOUZA - ME;33.461.777/0001-02;GO;Goiânia;Padaria
000041;SUPERMERCADO COSTA - ME;18.840.516/0001-00;GO;Goiânia;Food Service
000042;EMPÓRIO ANDRADE LTDA;64.605.100/0001-24;ES;Serra;Mini Rede
000043;DISTRIBUIDORA DO VALE EIRELI;92.850.515/0001-07;MG;Belo Horizonte;Mercado de Bairro
000044;DISTRIBUIDORA NOGUEIRA EIRELI;67.037.309/0001-27;MG;Contagem;Mercado de Bairro
000045;COMERCIAL PEREIRA EIRELI;67.663.788/0001-97;MG;Juiz de Fora;Bar/Restaurante
000046;SUPERMERCADO ANDRADE LTDA;55.517.974/0001-39;MG;Juiz de Fora;Conveniência
000047;COMERCIAL SOUZA EIRELI;90.617.439/0001-50;GO;Anápolis;Mercado de Bairro
000048;COMERCIAL BITTENCOURT LTDA;47.524.591/0001-60;DF;Brasília;Mercado de Bairro
000049;COMERCIAL PEREIRA - ME;26.317.975/0001-31;GO;Aparecida de Goiânia;Conveniência
000050;EMPÓRIO ALMEIDA LTDA;79.291.004/0001-26;GO;Aparecida de Goiânia;Conveniência
000051;MERCADO COSTA - ME;57.143.461/0001-30;DF;Taguatinga;Mercado de Bairro
000052;COMÉRCIO DE ALIMENTOS COSTA EIRELI;18.900.386/0001-53;MG;Uberlândia;Mercado de Bairro
000053;MERCADO REZENDE EIRELI;99.918.060/0001-55;SP;Franca;Conveniência
000054;SUPERMERCADO ALMEIDA - ME;10.741.093/0001-69;SP;Ribeirão Preto;Food Service
000055;SUPERMERCADO DO VALE EIRELI;67.605.914/0001-57;GO;Aparecida de Goiânia;Mercado de Bairro
000056;DISTRIBUIDORA PEREIRA EIRELI;75.167.649/0001-09;MG;Contagem;Bar/Restaurante
000057;EMPÓRIO ALMEIDA EIRELI;46.544.864/0001-75;MG;Betim;Mercado de Bairro
000058;EMPÓRIO OLIVEIRA - ME;63.582.232/0001-15;BA;Luís Eduardo Magalhães;Mercado de Bairro
000059;SUPERMERCADO COSTA LTDA;17.737.041/0001-68;GO;Rio Verde;Padaria
000060;SUPERMERCADO REZENDE LTDA;52.347.907/0001-25;MG;Sete Lagoas;Padaria
000061;MERCADO ANDRADE LTDA;73.455.418/0001-67;MG;Belo Horizonte;Mercado de Bairro
000062;COMERCIAL ANDRADE - ME;57.388.558/0001-03;MG;Juiz de Fora;Bar/Restaurante
000063;DISTRIBUIDORA PEREIRA EIRELI;36.581.576/0001-37;SP;Franca;Mini Rede
000064;EMPÓRIO COSTA LTDA;74.150.392/0001-01;ES;Vila Velha;Conveniência
000065;SUPERMERCADO OLIVEIRA EIRELI;78.383.223/0001-72;MG;Uberlândia;Bar/Restaurante
000066;COMÉRCIO DE ALIMENTOS ALMEIDA - ME;41.729.049/0001-67;GO;Goiânia;Mercado de Bairro
000067;SUPERMERCADO PEREIRA LTDA;41.730.899/0001-85;SP;Franca;Conveniência
000068;COMERCIAL SILVA LTDA;72.244.985/0001-01;BA;Barreiras;Padaria
000069;SUPERMERCADO SILVA - ME;93.742.688/0001-66;SP;São Paulo;Food Service
000070;COMÉRCIO DE ALIMENTOS NOGUEIRA EIRELI;35.174.731/0001-38;MG;Belo Horizonte;Padaria
000071;SUPERMERCADO FERREIRA LTDA;34.129.995/0001-07;GO;Goiânia;Bar/Restaurante
000072;EMPÓRIO SILVA EIRELI;49.460.598/0001-90;MG;Uberlândia;Food Service
000073;COMERCIAL COSTA LTDA;23.171.867/0001-05;MG;Belo Horizonte;Bar/Restaurante
000074;COMÉRCIO DE ALIMENTOS BITTENCOURT LTDA;31.706.114/0001-85;MG;Betim;Food Service
000075;EMPÓRIO COSTA EIRELI;89.701.742/0001-58;MG;Contagem;Bar/Restaurante
000076;COMERCIAL OLIVEIRA EIRELI;66.534.988/0001-87;MG;Juiz de Fora;Food Service
000077;COMÉRCIO DE ALIMENTOS OLIVEIRA LTDA;38.022.771/0001-52;MG;Sete Lagoas;Padaria
000078;SUPERMERCADO COSTA LTDA;87.573.972/0001-53;MG;Uberlândia;Padaria
000079;EMPÓRIO ALMEIDA EIRELI;37.458.492/0001-73;MG;Belo Horizonte;Padaria
000080;MERCADO NOGUEIRA LTDA;79.183.910/0001-07;MG;Juiz de Fora;Mercado de Bairro
000081;DISTRIBUIDORA OLIVEIRA LTDA;88.675.320/0001-92;GO;Goiânia;Food Service
000082;SUPERMERCADO OLIVEIRA LTDA;68.146.146/0001-83;MG;Contagem;Food Service
000083;SUPERMERCADO OLIVEIRA LTDA;94.107.360/0001-30;GO;Aparecida de Goiânia;Mercado de Bairro
000084;EMPÓRIO ANDRADE EIRELI;48.352.316/0001-79;GO;Rio Verde;Food Service
000085;EMPÓRIO FERREIRA EIRELI;61.478.547/0001-91;MG;Juiz de Fora;Food Service
000086;MERCADO DO VALE LTDA;10.497.084/0001-74;GO;Aparecida de Goiânia;Conveniência
000087;MERCADO OLIVEIRA - ME;10.033.836/0001-46;GO;Goiânia;Food Service
000088;MERCADO SILVA LTDA;58.603.772/0001-06;SP;Franca;Conveniência
000089;MERCADO OLIVEIRA LTDA;77.006.063/0001-80;GO;Aparecida de Goiânia;Padaria
000090;COMÉRCIO DE ALIMENTOS ALMEIDA LTDA;89.558.744/0001-30;ES;Vila Velha;Conveniência
000091;DISTRIBUIDORA ALMEIDA LTDA;71.285.627/0001-84;MG;Contagem;Food Service
000092;DISTRIBUIDORA BITTENCOURT LTDA;78.085.612/0001-11;MG;Sete Lagoas;Mercado de Bairro
000093;DISTRIBUIDORA PEREIRA LTDA;62.746.694/0001-68;GO;Goiânia;Padaria
000094;COMERCIAL DO VALE - ME;13.206.141/0001-07;ES;Vila Velha;Padaria
000095;COMERCIAL SOUZA EIRELI;11.226.756/0001-70;SP;São Paulo;Padaria
000096;COMÉRCIO DE ALIMENTOS SOUZA EIRELI;66.662.468/0001-50;MG;Juiz de Fora;Mercado de Bairro
000097;COMERCIAL SOUZA LTDA;69.938.313/0001-91;MG;Sete Lagoas;Bar/Restaurante
000098;MERCADO BITTENCOURT LTDA;51.774.820/0001-71;MG;Uberlândia;Mercado de Bairro
000099;SUPERMERCADO BITTENCOURT LTDA;14.483.104/0001-09;MG;Contagem;Mini Rede
000100;MERCADO FERREIRA - ME;97.299.269/0001-52;MG;Sete Lagoas;Mini Rede
000101;DISTRIBUIDORA PEREIRA - ME;59.555.883/0001-49;SP;São Paulo;Bar/Restaurante
000102;COMÉRCIO DE ALIMENTOS DO VALE - ME;79.180.196/0001-01;SP;Franca;Mercado de Bairro
000103;COMERCIAL FERREIRA LTDA;28.687.088/0001-80;BA;Barreiras;Food Service
000104;EMPÓRIO ANDRADE LTDA;93.020.228/0001-24;MG;Belo Horizonte;Conveniência
000105;COMERCIAL PEREIRA LTDA;11.559.606/0001-88;GO;Aparecida de Goiânia;Mercado de Bairro
000106;COMÉRCIO DE ALIMENTOS COSTA LTDA;15.079.875/0001-06;MG;Belo Horizonte;Bar/Restaurante
000107;DISTRIBUIDORA OLIVEIRA - ME;48.932.998/0001-99;GO;Anápolis;Food Service
000108;COMERCIAL PEREIRA - ME;21.306.141/0001-07;DF;Taguatinga;Conveniência
000109;COMÉRCIO DE ALIMENTOS ANDRADE EIRELI;59.765.533/0001-07;MG;Belo Horizonte;Mini Rede
000110;SUPERMERCADO OLIVEIRA - ME;46.991.195/0001-80;DF;Brasília;Bar/Restaurante
000111;DISTRIBUIDORA ALMEIDA EIRELI;38.152.032/0001-85;MG;Uberlândia;Bar/Restaurante
000112;MERCADO PEREIRA - ME;37.040.775/0001-09;MG;Sete Lagoas;Bar/Restaurante
000113;COMERCIAL PEREIRA EIRELI;90.829.670/0001-08;MG;Sete Lagoas;Mini Rede
000114;COMERCIAL PEREIRA EIRELI;39.129.338/0001-83;MG;Sete Lagoas;Mercado de Bairro
000115;DISTRIBUIDORA SOUZA EIRELI;31.081.743/0001-67;MG;Contagem;Padaria
000116;COMERCIAL ALMEIDA - ME;33.943.188/0001-60;GO;Anápolis;Food Service
000117;MERCADO PEREIRA EIRELI;41.654.198/0001-04;MG;Betim;Padaria
000118;SUPERMERCADO BITTENCOURT - ME;99.506.519/0001-03;SP;São Paulo;Food Service
000119;SUPERMERCADO FERREIRA LTDA;38.267.585/0001-83;MG;Contagem;Food Service
000120;DISTRIBUIDORA NOGUEIRA LTDA;79.005.198/0001-56;GO;Anápolis;Padaria
000121;SUPERMERCADO NOGUEIRA - ME;14.987.236/0001-78;MG;Betim;Padaria
000122;SUPERMERCADO DO VALE - ME;59.764.074/0001-47;SP;Franca;Food Service
000123;EMPÓRIO NOGUEIRA - ME;99.557.170/0001-39;DF;Taguatinga;Bar/Restaurante
000124;COMÉRCIO DE ALIMENTOS OLIVEIRA LTDA;20.230.655/0001-63;GO;Rio Verde;Mercado de Bairro
000125;COMÉRCIO DE ALIMENTOS REZENDE - ME;76.384.409/0001-10;MG;Sete Lagoas;Mini Rede
000126;COMÉRCIO DE ALIMENTOS SOUZA EIRELI;91.101.710/0001-63;MG;Contagem;Padaria
000127;MERCADO COSTA LTDA;27.110.278/0001-78;BA;Luís Eduardo Magalhães;Padaria
000128;DISTRIBUIDORA COSTA LTDA;27.179.152/0001-50;MG;Betim;Mercado de Bairro
000129;COMÉRCIO DE ALIMENTOS SOUZA - ME;68.976.756/0001-04;BA;Barreiras;Bar/Restaurante
000130;EMPÓRIO ALMEIDA LTDA;29.613.233/0001-41;MG;Belo Horizonte;Mini Rede
000131;COMERCIAL ALMEIDA LTDA;15.832.432/0001-36;MG;Belo Horizonte;Conveniência
000132;COMÉRCIO DE ALIMENTOS SOUZA - ME;83.089.847/0001-11;BA;Luís Eduardo Magalhães;Food Service
000133;SUPERMERCADO ALMEIDA EIRELI;13.780.032/0001-07;MG;Betim;Conveniência
000134;MERCADO FERREIRA LTDA;72.362.112/0001-01;BA;Barreiras;Mercado de Bairro
000135;COMERCIAL ALMEIDA LTDA;42.920.716/0001-57;MG;Belo Horizonte;Padaria
000136;EMPÓRIO PEREIRA EIRELI;29.483.628/0001-77;SP;Franca;Food Service
000137;DISTRIBUIDORA REZENDE LTDA;54.518.859/0001-16;MG;Sete Lagoas;Mini Rede
000138;MERCADO OLIVEIRA LTDA;89.924.949/0001-91;SP;São Paulo;Bar/Restaurante
000139;MERCADO DO VALE LTDA;54.568.135/0001-87;BA;Luís Eduardo Magalhães;Padaria
000140;COMÉRCIO DE ALIMENTOS NOGUEIRA LTDA;61.773.743/0001-99;BA;Luís Eduardo Magalhães;Padaria
000141;EMPÓRIO BITTENCOURT LTDA;87.743.052/0001-36;MG;Contagem;Mini Rede
000142;MERCADO COSTA LTDA;88.172.052/0001-96;MG;Betim;Padaria
000143;COMÉRCIO DE ALIMENTOS BITTENCOURT - ME;50.858.579/0001-04;MG;Belo Horizonte;Padaria
000144;DISTRIBUIDORA PEREIRA - ME;32.164.912/0001-95;GO;Anápolis;Mercado de Bairro
000145;COMERCIAL REZENDE - ME;92.199.571/0001-15;SP;Franca;Bar/Restaurante
000146;SUPERMERCADO NOGUEIRA - ME;23.187.079/0001-07;MG;Belo Horizonte;Padaria
000147;COMÉRCIO DE ALIMENTOS FERREIRA LTDA;75.078.807/0001-46;BA;Luís Eduardo Magalhães;Mercado de Bairro
000148;EMPÓRIO OLIVEIRA EIRELI;49.387.769/0001-01;MG;Betim;Mercado de Bairro
000149;MERCADO ANDRADE - ME;45.740.046/0001-85;GO;Aparecida de Goiânia;Conveniência
000150;EMPÓRIO ANDRADE LTDA;63.349.634/0001-74;MG;Uberlândia;Mini Rede
000151;COMÉRCIO DE ALIMENTOS BITTENCOURT LTDA;60.824.600/0001-04;MG;Sete Lagoas;Mercado de Bairro
000152;EMPÓRIO NOGUEIRA - ME;61.288.782/0001-09;DF;Taguatinga;Mini Rede
000153;COMÉRCIO DE ALIMENTOS FERREIRA - ME;82.489.190/0001-17;MG;Betim;Mercado de Bairro
000154;SUPERMERCADO SILVA LTDA;40.894.029/0001-89;SP;Franca;Mini Rede
000155;COMERCIAL SOUZA EIRELI;97.177.175/0001-00;GO;Rio Verde;Padaria
000156;COMERCIAL SILVA EIRELI;73.594.339/0001-37;MG;Uberlândia;Mini Rede
000157;COMÉRCIO DE ALIMENTOS OLIVEIRA LTDA;93.713.674/0001-14;MG;Contagem;Padaria
000158;COMÉRCIO DE ALIMENTOS PEREIRA - ME;77.353.495/0001-67;ES;Serra;Mini Rede
000159;SUPERMERCADO ALMEIDA - ME;94.865.212/0001-85;MG;Sete Lagoas;Mercado de Bairro
000160;COMÉRCIO DE ALIMENTOS SOUZA LTDA;26.910.345/0001-76;SP;São Paulo;Mini Rede
000161;EMPÓRIO BITTENCOURT LTDA;85.090.164/0001-00;MG;Belo Horizonte;Food Service
000162;MERCADO OLIVEIRA LTDA;58.608.932/0001-00;GO;Goiânia;Mini Rede
000163;COMERCIAL COSTA - ME;52.196.290/0001-94;BA;Luís Eduardo Magalhães;Padaria
000164;COMÉRCIO DE ALIMENTOS OLIVEIRA LTDA;29.827.007/0001-63;DF;Brasília;Mercado de Bairro
000165;DISTRIBUIDORA ANDRADE - ME;86.767.106/0001-30;GO;Goiânia;Bar/Restaurante
000166;COMÉRCIO DE ALIMENTOS SOUZA - ME;63.640.260/0001-41;MG;Contagem;Bar/Restaurante
000167;SUPERMERCADO FERREIRA LTDA;26.484.667/0001-09;GO;Rio Verde;Bar/Restaurante
000168;MERCADO SILVA - ME;29.188.438/0001-27;DF;Brasília;Food Service
000169;SUPERMERCADO ANDRADE LTDA;12.426.109/0001-74;GO;Rio Verde;Padaria
000170;MERCADO REZENDE EIRELI;83.752.315/0001-12;GO;Rio Verde;Bar/Restaurante
000171;COMÉRCIO DE ALIMENTOS PEREIRA EIRELI;45.580.503/0001-11;SP;São Paulo;Padaria
000172;COMÉRCIO DE ALIMENTOS BITTENCOURT LTDA;43.708.418/0001-60;GO;Goiânia;Bar/Restaurante
000173;DISTRIBUIDORA DO VALE LTDA;56.180.316/0001-67;MG;Contagem;Mini Rede
000174;DISTRIBUIDORA BITTENCOURT LTDA;81.920.464/0001-18;MG;Contagem;Bar/Restaurante
000175;SUPERMERCADO OLIVEIRA - ME;35.991.946/0001-41;SP;Ribeirão Preto;Padaria
000176;MERCADO SILVA EIRELI;66.223.946/0001-25;SP;Franca;Mini Rede
000177;COMÉRCIO DE ALIMENTOS FERREIRA LTDA;34.949.330/0001-40;GO;Rio Verde;Bar/Restaurante
000178;MERCADO COSTA LTDA;38.853.153/0001-54;GO;Aparecida de Goiânia;Mercado de Bairro
000179;SUPERMERCADO ALMEIDA LTDA;22.764.725/0001-99;DF;Brasília;Food Service
000180;COMERCIAL BITTENCOURT LTDA;61.210.430/0001-22;DF;Brasília;Padaria
000181;DISTRIBUIDORA SOUZA EIRELI;60.359.602/0001-61;MG;Juiz de Fora;Mercado de Bairro
000182;SUPERMERCADO FERREIRA LTDA;57.447.762/0001-58;MG;Juiz de Fora;Padaria
000183;EMPÓRIO BITTENCOURT LTDA;14.761.944/0001-96;MG;Sete Lagoas;Bar/Restaurante
000184;EMPÓRIO COSTA EIRELI;72.410.847/0001-55;MG;Juiz de Fora;Bar/Restaurante
000185;COMÉRCIO DE ALIMENTOS BITTENCOURT - ME;10.827.434/0001-13;GO;Goiânia;Padaria
000186;COMERCIAL ANDRADE LTDA;66.323.874/0001-98;MG;Betim;Mini Rede
000187;EMPÓRIO FERREIRA LTDA;41.610.825/0001-05;DF;Brasília;Mercado de Bairro
000188;COMERCIAL COSTA - ME;15.468.840/0001-50;MG;Belo Horizonte;Padaria
000189;EMPÓRIO DO VALE - ME;43.474.396/0001-11;MG;Betim;Bar/Restaurante
000190;SUPERMERCADO ALMEIDA LTDA;57.810.788/0001-19;DF;Brasília;Bar/Restaurante
000191;DISTRIBUIDORA DO VALE - ME;92.480.429/0001-41;MG;Uberlândia;Food Service
000192;COMÉRCIO DE ALIMENTOS ANDRADE LTDA;21.544.731/0001-78;SP;Franca;Mini Rede
000193;COMERCIAL NOGUEIRA LTDA;82.909.398/0001-48;SP;Franca;Mercado de Bairro
000194;SUPERMERCADO OLIVEIRA EIRELI;87.202.018/0001-54;GO;Goiânia;Mercado de Bairro
000195;COMÉRCIO DE ALIMENTOS PEREIRA - ME;60.945.237/0001-77;GO;Anápolis;Conveniência
000196;EMPÓRIO ANDRADE - ME;46.215.059/0001-06;MG;Sete Lagoas;Conveniência
000197;MERCADO ALMEIDA - ME;98.406.745/0001-50;DF;Taguatinga;Mercado de Bairro
000198;EMPÓRIO PEREIRA LTDA;60.683.939/0001-20;MG;Sete Lagoas;Mini Rede
000199;COMÉRCIO DE ALIMENTOS COSTA LTDA;25.692.631/0001-40;GO;Aparecida de Goiânia;Padaria
000200;MERCADO DO VALE LTDA;15.443.661/0001-69;ES;Serra;Food Service
000201;COMÉRCIO DE ALIMENTOS ANDRADE LTDA;29.021.181/0001-14;SP;Ribeirão Preto;Padaria
000202;SUPERMERCADO COSTA LTDA;68.186.629/0001-01;GO;Goiânia;Conveniência
000203;COMÉRCIO DE ALIMENTOS REZENDE - ME;96.736.040/0001-75;DF;Brasília;Padaria
000204;COMÉRCIO DE ALIMENTOS REZENDE LTDA;79.584.846/0001-76;SP;São Paulo;Mercado de Bairro
000205;COMÉRCIO DE ALIMENTOS COSTA EIRELI;75.940.949/0001-70;GO;Anápolis;Conveniência
000206;SUPERMERCADO ALMEIDA - ME;14.210.829/0001-23;MG;Betim;Bar/Restaurante
000207;SUPERMERCADO SOUZA - ME;10.918.810/0001-85;MG;Belo Horizonte;Mercado de Bairro
000208;MERCADO REZENDE LTDA;35.915.134/0001-17;SP;Ribeirão Preto;Food Service
000209;EMPÓRIO SOUZA - ME;77.303.048/0001-01;MG;Sete Lagoas;Food Service
000210;COMERCIAL FERREIRA EIRELI;96.240.982/0001-68;MG;Uberlândia;Mini Rede
000211;DISTRIBUIDORA PEREIRA LTDA;23.407.064/0001-07;MG;Contagem;Padaria
000212;SUPERMERCADO REZENDE LTDA;27.477.206/0001-63;MG;Contagem;Padaria
000213;DISTRIBUIDORA BITTENCOURT LTDA;80.786.414/0001-27;MG;Betim;Mini Rede
000214;DISTRIBUIDORA DO VALE LTDA;16.145.209/0001-83;MG;Sete Lagoas;Conveniência
000215;EMPÓRIO SILVA EIRELI;86.772.859/0001-34;ES;Vila Velha;Mini Rede
000216;DISTRIBUIDORA COSTA EIRELI;15.951.947/0001-55;MG;Contagem;Mini Rede
000217;MERCADO FERREIRA EIRELI;80.166.117/0001-89;MG;Contagem;Bar/Restaurante
000218;COMERCIAL ANDRADE EIRELI;30.467.601/0001-70;DF;Taguatinga;Mercado de Bairro
000219;SUPERMERCADO REZENDE - ME;92.847.558/0001-25;MG;Belo Horizonte;Padaria
000220;EMPÓRIO SOUZA EIRELI;71.708.921/0001-51;MG;Betim;Conveniência
000221;EMPÓRIO ANDRADE LTDA;58.767.821/0001-38;SP;Ribeirão Preto;Food Service
000222;COMERCIAL FERREIRA - ME;45.852.222/0001-70;DF;Brasília;Padaria
000223;SUPERMERCADO REZENDE LTDA;81.676.318/0001-99;MG;Contagem;Conveniência
000224;COMERCIAL NOGUEIRA EIRELI;32.144.254/0001-70;MG;Contagem;Conveniência
000225;MERCADO NOGUEIRA LTDA;86.725.381/0001-91;DF;Taguatinga;Food Service
000226;COMERCIAL COSTA LTDA;93.065.953/0001-19;BA;Luís Eduardo Magalhães;Food Service
000227;EMPÓRIO SILVA - ME;37.470.830/0001-92;GO;Goiânia;Mercado de Bairro
000228;SUPERMERCADO OLIVEIRA EIRELI;85.860.563/0001-02;MG;Contagem;Conveniência
000229;COMERCIAL BITTENCOURT LTDA;99.003.658/0001-14;MG;Uberlândia;Food Service
000230;COMERCIAL SILVA LTDA;14.550.340/0001-09;MG;Juiz de Fora;Mini Rede
000231;MERCADO ALMEIDA LTDA;78.701.003/0001-40;MG;Uberlândia;Padaria
000232;MERCADO BITTENCOURT LTDA;13.068.224/0001-87;GO;Anápolis;Bar/Restaurante
000233;MERCADO DO VALE LTDA;95.593.136/0001-69;MG;Contagem;Mercado de Bairro
000234;COMERCIAL SOUZA LTDA;98.835.431/0001-72;MG;Belo Horizonte;Mini Rede
000235;COMERCIAL FERREIRA LTDA;81.151.905/0001-64;GO;Aparecida de Goiânia;Mini Rede
000236;MERCADO ANDRADE LTDA;64.546.096/0001-70;MG;Betim;Mercado de Bairro
000237;SUPERMERCADO SOUZA EIRELI;80.559.597/0001-48;MG;Contagem;Conveniência
000238;MERCADO PEREIRA - ME;46.244.259/0001-89;ES;Vila Velha;Conveniência
000239;COMÉRCIO DE ALIMENTOS BITTENCOURT LTDA;78.588.275/0001-85;MG;Belo Horizonte;Mercado de Bairro
000240;EMPÓRIO SOUZA - ME;27.489.931/0001-51;MG;Sete Lagoas;Food Service
000241;DISTRIBUIDORA ALMEIDA - ME;46.186.527/0001-53;GO;Aparecida de Goiânia;Padaria
000242;SUPERMERCADO BITTENCOURT LTDA;10.387.580/0001-75;GO;Goiânia;Mercado de Bairro
000243;SUPERMERCADO OLIVEIRA - ME;20.618.775/0001-32;GO;Goiânia;Mini Rede
000244;EMPÓRIO REZENDE LTDA;87.853.826/0001-81;MG;Juiz de Fora;Mini Rede
000245;COMERCIAL FERREIRA LTDA;51.245.607/0001-72;MG;Uberlândia;Padaria
000246;EMPÓRIO OLIVEIRA LTDA;90.314.099/0001-99;ES;Serra;Padaria
000247;MERCADO ALMEIDA - ME;77.180.130/0001-88;SP;Ribeirão Preto;Food Service
000248;DISTRIBUIDORA ANDRADE EIRELI;93.558.829/0001-95;MG;Sete Lagoas;Bar/Restaurante
000249;COMÉRCIO DE ALIMENTOS OLIVEIRA - ME;40.315.455/0001-10;SP;Ribeirão Preto;Bar/Restaurante
000250;COMÉRCIO DE ALIMENTOS OLIVEIRA - ME;31.099.129/0001-22;MG;Sete Lagoas;Conveniência
000251;DISTRIBUIDORA COSTA - ME;49.150.266/0001-00;DF;Taguatinga;Food Service
000252;MERCADO PEREIRA EIRELI;54.614.006/0001-88;SP;São Paulo;Mercado de Bairro
000253;COMERCIAL COSTA LTDA;21.107.679/0001-92;BA;Barreiras;Padaria
000254;MERCADO REZENDE LTDA;36.971.340/0001-07;MG;Juiz de Fora;Food Service
000255;MERCADO OLIVEIRA - ME;72.158.662/0001-03;MG;Sete Lagoas;Conveniência
000256;COMERCIAL OLIVEIRA - ME;31.717.459/0001-34;MG;Belo Horizonte;Mini Rede
000257;COMERCIAL DO VALE LTDA;53.826.850/0001-00;SP;Ribeirão Preto;Padaria
000258;DISTRIBUIDORA ANDRADE - ME;21.906.017/0001-82;SP;Ribeirão Preto;Mercado de Bairro
000259;EMPÓRIO FERREIRA LTDA;60.055.480/0001-10;ES;Serra;Conveniência
000260;EMPÓRIO BITTENCOURT EIRELI;37.682.239/0001-07;GO;Rio Verde;Bar/Restaurante
000261;MERCADO OLIVEIRA - ME;40.374.316/0001-68;GO;Goiânia;Conveniência
000262;COMERCIAL SOUZA LTDA;45.122.221/0001-70;GO;Rio Verde;Mercado de Bairro
000263;COMERCIAL BITTENCOURT LTDA;29.229.672/0001-55;MG;Sete Lagoas;Food Service
000264;COMERCIAL ALMEIDA LTDA;99.737.879/0001-16;SP;Ribeirão Preto;Conveniência
000265;MERCADO COSTA LTDA;91.306.263/0001-89;ES;Vila Velha;Bar/Restaurante
000266;MERCADO NOGUEIRA LTDA;38.162.438/0001-49;SP;Franca;Padaria
000267;COMÉRCIO DE ALIMENTOS SOUZA - ME;63.998.018/0001-44;ES;Serra;Bar/Restaurante
000268;SUPERMERCADO FERREIRA - ME;37.128.428/0001-24;MG;Contagem;Mini Rede
000269;COMÉRCIO DE ALIMENTOS NOGUEIRA - ME;84.424.052/0001-85;SP;Ribeirão Preto;Mini Rede
000270;COMÉRCIO DE ALIMENTOS BITTENCOURT EIRELI;18.277.465/0001-50;DF;Taguatinga;Bar/Restaurante
000271;EMPÓRIO ANDRADE - ME;77.961.882/0001-86;GO;Aparecida de Goiânia;Padaria
000272;MERCADO FERREIRA LTDA;28.920.694/0001-02;MG;Belo Horizonte;Mini Rede
000273;MERCADO PEREIRA LTDA;36.375.626/0001-20;DF;Taguatinga;Food Service
000274;EMPÓRIO NOGUEIRA - ME;85.502.880/0001-57;GO;Rio Verde;Food Service
000275;EMPÓRIO SOUZA LTDA;91.624.130/0001-50;GO;Rio Verde;Mini Rede
000276;COMERCIAL ALMEIDA LTDA;70.810.764/0001-28;MG;Sete Lagoas;Conveniência
000277;COMÉRCIO DE ALIMENTOS PEREIRA LTDA;81.159.064/0001-31;MG;Contagem;Padaria
000278;COMERCIAL SOUZA - ME;65.465.440/0001-60;GO;Anápolis;Bar/Restaurante
000279;DISTRIBUIDORA COSTA LTDA;80.922.462/0001-03;GO;Goiânia;Food Service
000280;COMÉRCIO DE ALIMENTOS SOUZA LTDA;67.106.680/0001-01;DF;Brasília;Food Service
000281;MERCADO SILVA EIRELI;89.163.206/0001-46;MG;Juiz de Fora;Mini Rede
000282;COMERCIAL OLIVEIRA EIRELI;98.111.507/0001-17;SP;Franca;Conveniência
000283;COMÉRCIO DE ALIMENTOS SILVA LTDA;70.439.732/0001-68;DF;Brasília;Food Service
000284;DISTRIBUIDORA FERREIRA EIRELI;72.640.101/0001-38;MG;Contagem;Mini Rede
000285;COMERCIAL OLIVEIRA EIRELI;17.682.103/0001-81;BA;Luís Eduardo Magalhães;Mini Rede
000286;DISTRIBUIDORA ALMEIDA EIRELI;85.465.853/0001-51;MG;Juiz de Fora;Conveniência
000287;COMÉRCIO DE ALIMENTOS REZENDE EIRELI;72.808.595/0001-17;MG;Betim;Bar/Restaurante
000288;COMERCIAL COSTA LTDA;46.269.511/0001-04;MG;Uberlândia;Food Service
000289;COMERCIAL SILVA EIRELI;43.623.482/0001-49;BA;Barreiras;Mini Rede
000290;DISTRIBUIDORA ALMEIDA - ME;80.122.356/0001-37;MG;Uberlândia;Conveniência
000291;DISTRIBUIDORA ANDRADE LTDA;77.899.299/0001-92;SP;Ribeirão Preto;Bar/Restaurante
000292;EMPÓRIO NOGUEIRA LTDA;26.150.730/0001-62;GO;Rio Verde;Mini Rede
000293;SUPERMERCADO BITTENCOURT LTDA;38.725.436/0001-10;MG;Betim;Mini Rede
000294;EMPÓRIO ANDRADE - ME;89.296.062/0001-04;MG;Belo Horizonte;Bar/Restaurante
000295;DISTRIBUIDORA ANDRADE LTDA;93.525.391/0001-49;MG;Contagem;Padaria
000296;COMÉRCIO DE ALIMENTOS REZENDE LTDA;85.207.325/0001-00;DF;Brasília;Padaria
000297;EMPÓRIO SOUZA LTDA;82.312.476/0001-22;BA;Barreiras;Mini Rede
000298;COMERCIAL ANDRADE LTDA;47.435.005/0001-00;MG;Belo Horizonte;Conveniência
000299;COMÉRCIO DE ALIMENTOS OLIVEIRA LTDA;25.933.331/0001-05;SP;São Paulo;Mercado de Bairro
000300;COMERCIAL FERREIRA - ME;53.900.999/0001-91;MG;Betim;Bar/Restaurante
000301;COMERCIAL DO VALE LTDA;92.970.272/0001-32;SP;São Paulo;Food Service
000302;SUPERMERCADO SILVA - ME;17.905.236/0001-70;MG;Uberlândia;Mercado de Bairro
000303;COMERCIAL FERREIRA EIRELI;84.926.383/0001-13;MG;Sete Lagoas;Mini Rede
000304;COMÉRCIO DE ALIMENTOS PEREIRA - ME;59.325.874/0001-61;MG;Sete Lagoas;Food Service
000305;COMERCIAL SILVA LTDA;47.721.552/0001-52;SP;Franca;Bar/Restaurante
000306;SUPERMERCADO BITTENCOURT EIRELI;83.983.097/0001-27;SP;Franca;Conveniência
000307;EMPÓRIO SILVA LTDA;61.990.999/0001-58;GO;Goiânia;Conveniência
000308;COMERCIAL ANDRADE - ME;35.876.766/0001-19;SP;Franca;Mercado de Bairro
000309;COMERCIAL FERREIRA LTDA;48.858.408/0001-25;MG;Uberlândia;Mini Rede
000310;COMERCIAL SOUZA LTDA;94.255.413/0001-60;MG;Sete Lagoas;Mercado de Bairro
000311;COMÉRCIO DE ALIMENTOS BITTENCOURT LTDA;23.001.150/0001-15;GO;Rio Verde;Conveniência
000312;COMÉRCIO DE ALIMENTOS ANDRADE EIRELI;22.315.396/0001-07;BA;Luís Eduardo Magalhães;Mercado de Bairro
000313;EMPÓRIO ALMEIDA - ME;65.140.209/0001-04;MG;Juiz de Fora;Mercado de Bairro
000314;COMERCIAL BITTENCOURT EIRELI;43.960.425/0001-55;MG;Betim;Mini Rede
000315;DISTRIBUIDORA REZENDE LTDA;81.135.542/0001-73;MG;Sete Lagoas;Conveniência
000316;COMÉRCIO DE ALIMENTOS COSTA EIRELI;20.126.027/0001-32;GO;Anápolis;Mercado de Bairro
000317;DISTRIBUIDORA OLIVEIRA - ME;94.658.665/0001-30;GO;Rio Verde;Padaria
000318;COMÉRCIO DE ALIMENTOS OLIVEIRA EIRELI;81.566.232/0001-03;GO;Aparecida de Goiânia;Padaria
000319;COMÉRCIO DE ALIMENTOS FERREIRA - ME;62.669.463/0001-06;GO;Anápolis;Bar/Restaurante
000320;SUPERMERCADO BITTENCOURT LTDA;91.914.230/0001-11;SP;São Paulo;Padaria
000321;MERCADO SILVA LTDA;18.780.973/0001-56;SP;Franca;Mini Rede
000322;DISTRIBUIDORA NOGUEIRA EIRELI;28.678.964/0001-02;MG;Sete Lagoas;Mercado de Bairro
000323;COMÉRCIO DE ALIMENTOS NOGUEIRA - ME;68.347.165/0001-78;GO;Rio Verde;Bar/Restaurante
000324;COMÉRCIO DE ALIMENTOS FERREIRA EIRELI;91.992.832/0001-97;MG;Juiz de Fora;Mini Rede
000325;COMERCIAL FERREIRA LTDA;79.959.642/0001-72;MG;Juiz de Fora;Padaria
000326;EMPÓRIO PEREIRA LTDA;86.666.779/0001-02;MG;Juiz de Fora;Food Service
000327;SUPERMERCADO COSTA EIRELI;77.105.186/0001-78;MG;Contagem;Bar/Restaurante
000328;MERCADO ALMEIDA LTDA;42.018.078/0001-83;GO;Rio Verde;Food Service
000329;COMERCIAL REZENDE LTDA;91.606.366/0001-64;DF;Taguatinga;Mini Rede
000330;DISTRIBUIDORA ALMEIDA EIRELI;22.825.086/0001-24;MG;Contagem;Conveniência
000331;EMPÓRIO OLIVEIRA - ME;32.286.964/0001-34;GO;Anápolis;Food Service
000332;SUPERMERCADO OLIVEIRA LTDA;24.963.509/0001-06;MG;Betim;Conveniência
000333;COMÉRCIO DE ALIMENTOS OLIVEIRA LTDA;53.242.901/0001-56;DF;Brasília;Bar/Restaurante
000334;COMÉRCIO DE ALIMENTOS PEREIRA - ME;50.549.246/0001-95;MG;Betim;Bar/Restaurante
000335;MERCADO REZENDE EIRELI;21.565.387/0001-01;GO;Anápolis;Bar/Restaurante
000336;SUPERMERCADO SOUZA LTDA;37.584.052/0001-62;ES;Vila Velha;Food Service
000337;MERCADO ALMEIDA LTDA;46.238.469/0001-64;GO;Rio Verde;Mercado de Bairro
000338;COMERCIAL SOUZA EIRELI;30.365.082/0001-39;SP;Franca;Food Service
000339;MERCADO SILVA LTDA;50.498.497/0001-98;SP;Franca;Bar/Restaurante
000340;DISTRIBUIDORA NOGUEIRA LTDA;81.396.485/0001-86;MG;Betim;Conveniência
000341;COMERCIAL BITTENCOURT - ME;26.344.653/0001-81;SP;São Paulo;Food Service
000342;MERCADO SOUZA LTDA;11.160.792/0001-88;SP;Ribeirão Preto;Bar/Restaurante
000343;COMERCIAL ANDRADE EIRELI;17.866.817/0001-40;DF;Taguatinga;Padaria
000344;MERCADO ANDRADE LTDA;65.477.673/0001-82;MG;Betim;Mercado de Bairro
000345;SUPERMERCADO NOGUEIRA - ME;58.298.014/0001-13;MG;Sete Lagoas;Conveniência
000346;DISTRIBUIDORA PEREIRA LTDA;54.910.447/0001-27;SP;São Paulo;Padaria
000347;COMERCIAL PEREIRA - ME;24.830.389/0001-60;DF;Taguatinga;Conveniência
000348;COMÉRCIO DE ALIMENTOS FERREIRA LTDA;60.017.491/0001-05;MG;Uberlândia;Padaria
000349;COMÉRCIO DE ALIMENTOS OLIVEIRA EIRELI;17.765.126/0001-50;GO;Rio Verde;Mini Rede
000350;MERCADO COSTA - ME;48.507.144/0001-65;MG;Juiz de Fora;Mini Rede
000351;EMPÓRIO OLIVEIRA EIRELI;32.810.705/0001-60;GO;Aparecida de Goiânia;Conveniência
000352;COMERCIAL COSTA - ME;59.615.555/0001-90;MG;Belo Horizonte;Conveniência
000353;COMÉRCIO DE ALIMENTOS COSTA EIRELI;78.588.306/0001-06;ES;Vila Velha;Padaria
000354;SUPERMERCADO REZENDE EIRELI;11.852.040/0001-88;MG;Belo Horizonte;Mercado de Bairro
000355;COMERCIAL SILVA LTDA;20.616.788/0001-72;GO;Goiânia;Bar/Restaurante
000356;COMERCIAL BITTENCOURT - ME;53.429.699/0001-76;MG;Contagem;Conveniência
000357;COMERCIAL SOUZA LTDA;79.535.909/0001-02;MG;Contagem;Padaria
000358;MERCADO ANDRADE EIRELI;79.442.459/0001-03;BA;Barreiras;Mini Rede
000359;COMERCIAL OLIVEIRA LTDA;49.511.915/0001-50;GO;Anápolis;Mercado de Bairro
000360;SUPERMERCADO ANDRADE LTDA;49.487.465/0001-08;SP;São Paulo;Mini Rede
000361;DISTRIBUIDORA SOUZA LTDA;48.136.069/0001-73;GO;Goiânia;Mini Rede
000362;EMPÓRIO SILVA LTDA;96.111.469/0001-77;SP;Franca;Conveniência
000363;DISTRIBUIDORA SILVA LTDA;81.860.133/0001-30;MG;Juiz de Fora;Food Service
000364;COMERCIAL ALMEIDA LTDA;64.504.330/0001-05;GO;Anápolis;Food Service
000365;COMERCIAL SILVA LTDA;26.765.567/0001-42;DF;Taguatinga;Food Service
000366;MERCADO PEREIRA - ME;98.979.308/0001-25;SP;Franca;Conveniência
000367;EMPÓRIO ANDRADE LTDA;92.095.796/0001-21;MG;Belo Horizonte;Bar/Restaurante
000368;EMPÓRIO DO VALE - ME;87.905.425/0001-28;SP;São Paulo;Bar/Restaurante
000369;SUPERMERCADO DO VALE LTDA;80.788.190/0001-92;MG;Contagem;Mercado de Bairro
000370;DISTRIBUIDORA SOUZA EIRELI;97.321.871/0001-49;MG;Contagem;Conveniência
000371;COMÉRCIO DE ALIMENTOS FERREIRA LTDA;58.158.856/0001-70;GO;Rio Verde;Mini Rede
000372;DISTRIBUIDORA NOGUEIRA LTDA;27.705.079/0001-02;MG;Juiz de Fora;Food Service
000373;MERCADO OLIVEIRA EIRELI;91.382.678/0001-31;MG;Sete Lagoas;Food Service
000374;MERCADO ANDRADE LTDA;51.324.283/0001-68;BA;Barreiras;Padaria
000375;MERCADO NOGUEIRA EIRELI;94.136.840/0001-20;MG;Uberlândia;Mini Rede
000376;EMPÓRIO FERREIRA EIRELI;11.215.195/0001-03;MG;Uberlândia;Padaria
000377;SUPERMERCADO NOGUEIRA - ME;62.748.308/0001-77;DF;Taguatinga;Conveniência
000378;DISTRIBUIDORA DO VALE LTDA;72.071.875/0001-95;BA;Luís Eduardo Magalhães;Mini Rede
000379;DISTRIBUIDORA NOGUEIRA LTDA;58.074.643/0001-60;GO;Aparecida de Goiânia;Mercado de Bairro
000380;DISTRIBUIDORA OLIVEIRA EIRELI;60.494.518/0001-50;MG;Contagem;Mercado de Bairro
000381;COMERCIAL BITTENCOURT EIRELI;36.567.575/0001-38;MG;Betim;Bar/Restaurante
000382;EMPÓRIO SOUZA EIRELI;64.374.297/0001-38;MG;Betim;Mercado de Bairro
000383;MERCADO SILVA LTDA;57.422.053/0001-18;DF;Brasília;Bar/Restaurante
000384;EMPÓRIO BITTENCOURT - ME;29.190.792/0001-96;MG;Sete Lagoas;Padaria
000385;COMERCIAL NOGUEIRA LTDA;19.218.420/0001-77;DF;Taguatinga;Mini Rede
000386;COMÉRCIO DE ALIMENTOS COSTA LTDA;30.822.545/0001-44;GO;Aparecida de Goiânia;Padaria
000387;EMPÓRIO DO VALE - ME;17.893.445/0001-40;GO;Rio Verde;Mercado de Bairro
000388;EMPÓRIO PEREIRA EIRELI;83.378.982/0001-87;MG;Betim;Mini Rede
000389;COMÉRCIO DE ALIMENTOS ALMEIDA EIRELI;46.742.233/0001-60;MG;Contagem;Mini Rede
000390;COMÉRCIO DE ALIMENTOS NOGUEIRA - ME;94.634.105/0001-46;MG;Juiz de Fora;Mercado de Bairro
000391;DISTRIBUIDORA OLIVEIRA - ME;61.698.980/0001-32;MG;Belo Horizonte;Bar/Restaurante
000392;MERCADO ALMEIDA - ME;17.451.199/0001-77;MG;Belo Horizonte;Conveniência
000393;DISTRIBUIDORA REZENDE LTDA;66.741.003/0001-94;MG;Contagem;Mini Rede
000394;COMERCIAL PEREIRA - ME;28.400.998/0001-30;GO;Aparecida de Goiânia;Conveniência
000395;SUPERMERCADO PEREIRA LTDA;58.427.776/0001-72;MG;Belo Horizonte;Bar/Restaurante
000396;COMERCIAL NOGUEIRA EIRELI;26.294.540/0001-19;GO;Goiânia;Conveniência
000397;EMPÓRIO SILVA LTDA;13.434.081/0001-80;BA;Barreiras;Food Service
000398;EMPÓRIO REZENDE LTDA;72.996.190/0001-50;GO;Goiânia;Mini Rede
000399;DISTRIBUIDORA SOUZA LTDA;55.462.060/0001-18;MG;Uberlândia;Mercado de Bairro
000400;MERCADO BITTENCOURT - ME;13.776.162/0001-68;MG;Juiz de Fora;Bar/Restaurante
000401;EMPÓRIO SOUZA EIRELI;95.349.508/0001-06;MG;Contagem;Padaria
000402;DISTRIBUIDORA ALMEIDA EIRELI;62.421.573/0001-46;GO;Aparecida de Goiânia;Bar/Restaurante
000403;COMERCIAL REZENDE EIRELI;10.418.132/0001-91;MG;Uberlândia;Bar/Restaurante
000404;SUPERMERCADO ANDRADE LTDA;77.835.460/0001-64;MG;Sete Lagoas;Mini Rede
000405;DISTRIBUIDORA NOGUEIRA LTDA;83.718.560/0001-03;DF;Brasília;Mini Rede
000406;EMPÓRIO COSTA EIRELI;68.446.982/0001-83;DF;Brasília;Bar/Restaurante
000407;SUPERMERCADO FERREIRA LTDA;37.675.684/0001-31;DF;Taguatinga;Padaria
000408;DISTRIBUIDORA SOUZA LTDA;51.397.076/0001-33;SP;São Paulo;Mercado de Bairro
000409;DISTRIBUIDORA NOGUEIRA EIRELI;35.126.878/0001-52;DF;Brasília;Food Service
000410;EMPÓRIO PEREIRA - ME;31.490.275/0001-84;GO;Goiânia;Bar/Restaurante
000411;EMPÓRIO SILVA EIRELI;96.879.242/0001-76;GO;Aparecida de Goiânia;Padaria
000412;COMÉRCIO DE ALIMENTOS NOGUEIRA EIRELI;86.924.357/0001-81;GO;Aparecida de Goiânia;Bar/Restaurante
000413;DISTRIBUIDORA OLIVEIRA LTDA;58.565.706/0001-80;MG;Betim;Mercado de Bairro
000414;EMPÓRIO OLIVEIRA - ME;56.117.401/0001-80;ES;Serra;Bar/Restaurante
000415;DISTRIBUIDORA FERREIRA LTDA;52.130.696/0001-74;MG;Betim;Conveniência
000416;COMÉRCIO DE ALIMENTOS DO VALE LTDA;82.392.098/0001-34;MG;Betim;Padaria
000417;COMÉRCIO DE ALIMENTOS DO VALE LTDA;24.056.021/0001-97;BA;Barreiras;Food Service
000418;EMPÓRIO ALMEIDA - ME;72.880.131/0001-11;MG;Sete Lagoas;Mini Rede
000419;SUPERMERCADO BITTENCOURT LTDA;70.979.052/0001-37;MG;Uberlândia;Food Service
000420;EMPÓRIO ALMEIDA EIRELI;11.011.647/0001-35;GO;Anápolis;Mercado de Bairro
000421;DISTRIBUIDORA ANDRADE EIRELI;73.125.535/0001-62;GO;Anápolis;Mini Rede
000422;DISTRIBUIDORA COSTA LTDA;81.545.376/0001-83;BA;Barreiras;Mercado de Bairro
000423;DISTRIBUIDORA ALMEIDA EIRELI;54.719.802/0001-85;GO;Goiânia;Mercado de Bairro
000424;SUPERMERCADO FERREIRA LTDA;36.124.688/0001-69;GO;Anápolis;Food Service
000425;SUPERMERCADO ALMEIDA LTDA;61.599.740/0001-80;SP;Franca;Bar/Restaurante
000426;SUPERMERCADO BITTENCOURT EIRELI;16.722.177/0001-31;MG;Uberlândia;Mercado de Bairro
000427;COMERCIAL ALMEIDA LTDA;31.028.242/0001-17;SP;São Paulo;Conveniência
000428;SUPERMERCADO FERREIRA EIRELI;84.972.171/0001-72;BA;Barreiras;Mini Rede
000429;DISTRIBUIDORA DO VALE LTDA;19.662.205/0001-60;BA;Barreiras;Mini Rede
000430;COMÉRCIO DE ALIMENTOS FERREIRA LTDA;43.829.156/0001-92;SP;Ribeirão Preto;Mercado de Bairro
000431;EMPÓRIO SOUZA EIRELI;48.850.870/0001-86;MG;Belo Horizonte;Mini Rede
000432;COMERCIAL OLIVEIRA EIRELI;59.644.140/0001-45;GO;Aparecida de Goiânia;Mercado de Bairro
000433;DISTRIBUIDORA ALMEIDA LTDA;36.969.452/0001-23;BA;Luís Eduardo Magalhães;Bar/Restaurante
000434;MERCADO COSTA EIRELI;71.684.935/0001-82;SP;Franca;Mercado de Bairro
000435;EMPÓRIO SOUZA - ME;28.217.852/0001-54;GO;Rio Verde;Food Service
000436;MERCADO BITTENCOURT - ME;46.243.330/0001-09;MG;Sete Lagoas;Conveniência
000437;COMERCIAL SOUZA - ME;27.650.258/0001-90;MG;Sete Lagoas;Conveniência
000438;COMÉRCIO DE ALIMENTOS BITTENCOURT LTDA;80.093.313/0001-70;MG;Sete Lagoas;Padaria
000439;DISTRIBUIDORA PEREIRA - ME;10.826.789/0001-98;DF;Taguatinga;Food Service
000440;COMERCIAL NOGUEIRA - ME;46.483.128/0001-54;GO;Anápolis;Mini Rede
000441;DISTRIBUIDORA ALMEIDA LTDA;39.191.493/0001-20;MG;Juiz de Fora;Food Service
000442;COMÉRCIO DE ALIMENTOS FERREIRA LTDA;62.768.848/0001-12;BA;Barreiras;Bar/Restaurante
000443;MERCADO BITTENCOURT - ME;14.158.901/0001-10;GO;Anápolis;Bar/Restaurante
000444;EMPÓRIO DO VALE LTDA;69.468.408/0001-99;SP;São Paulo;Bar/Restaurante
000445;COMERCIAL OLIVEIRA LTDA;98.151.055/0001-05;ES;Serra;Padaria
000446;COMERCIAL SILVA LTDA;54.778.340/0001-77;MG;Juiz de Fora;Food Service
000447;COMERCIAL DO VALE LTDA;59.591.927/0001-96;MG;Belo Horizonte;Bar/Restaurante
000448;COMÉRCIO DE ALIMENTOS ANDRADE EIRELI;48.745.851/0001-90;BA;Barreiras;Conveniência
000449;MERCADO SILVA EIRELI;18.098.943/0001-64;MG;Juiz de Fora;Food Service
000450;COMERCIAL PEREIRA EIRELI;19.823.721/0001-20;GO;Rio Verde;Mini Rede
000451;MERCADO OLIVEIRA LTDA;45.043.178/0001-58;DF;Taguatinga;Food Service
000452;EMPÓRIO OLIVEIRA LTDA;89.643.645/0001-56;SP;Franca;Food Service
000453;SUPERMERCADO REZENDE LTDA;83.671.055/0001-50;MG;Uberlândia;Mini Rede
000454;SUPERMERCADO REZENDE EIRELI;78.094.242/0001-89;MG;Juiz de Fora;Bar/Restaurante
000455;MERCADO PEREIRA LTDA;89.940.220/0001-09;SP;Ribeirão Preto;Mini Rede
000456;SUPERMERCADO COSTA - ME;73.207.439/0001-63;GO;Rio Verde;Mercado de Bairro
000457;MERCADO REZENDE LTDA;47.554.210/0001-95;ES;Vila Velha;Mini Rede
000458;COMÉRCIO DE ALIMENTOS ANDRADE EIRELI;77.172.933/0001-90;MG;Betim;Mini Rede
000459;COMÉRCIO DE ALIMENTOS REZENDE LTDA;90.116.808/0001-21;SP;Franca;Mini Rede
000460;DISTRIBUIDORA SOUZA - ME;23.411.534/0001-06;MG;Sete Lagoas;Bar/Restaurante
000461;SUPERMERCADO FERREIRA LTDA;83.793.202/0001-65;SP;Ribeirão Preto;Bar/Restaurante
000462;SUPERMERCADO COSTA - ME;55.183.779/0001-10;MG;Belo Horizonte;Mini Rede
000463;MERCADO OLIVEIRA - ME;43.579.724/0001-44;GO;Rio Verde;Bar/Restaurante
000464;COMÉRCIO DE ALIMENTOS FERREIRA LTDA;13.638.278/0001-30;MG;Betim;Padaria
000465;DISTRIBUIDORA SOUZA - ME;99.788.902/0001-00;MG;Sete Lagoas;Bar/Restaurante
000466;COMÉRCIO DE ALIMENTOS SOUZA EIRELI;60.665.458/0001-91;DF;Taguatinga;Padaria
000467;EMPÓRIO COSTA LTDA;11.403.202/0001-09;MG;Uberlândia;Padaria
000468;MERCADO FERREIRA LTDA;87.708.925/0001-70;MG;Betim;Padaria
000469;MERCADO DO VALE LTDA;60.390.673/0001-27;ES;Vila Velha;Padaria
000470;EMPÓRIO ANDRADE EIRELI;18.888.158/0001-05;GO;Anápolis;Padaria
000471;MERCADO NOGUEIRA LTDA;35.784.223/0001-71;SP;São Paulo;Food Service
000472;MERCADO BITTENCOURT - ME;73.324.876/0001-67;BA;Luís Eduardo Magalhães;Padaria
000473;COMERCIAL PEREIRA LTDA;33.285.117/0001-18;SP;São Paulo;Conveniência
000474;COMÉRCIO DE ALIMENTOS SILVA EIRELI;93.463.163/0001-91;GO;Anápolis;Conveniência
000475;COMERCIAL OLIVEIRA LTDA;62.140.435/0001-99;DF;Brasília;Food Service
000476;DISTRIBUIDORA PEREIRA LTDA;50.846.646/0001-62;GO;Rio Verde;Bar/Restaurante
000477;COMÉRCIO DE ALIMENTOS BITTENCOURT - ME;26.163.648/0001-72;SP;São Paulo;Bar/Restaurante
000478;SUPERMERCADO FERREIRA LTDA;29.496.577/0001-18;MG;Betim;Bar/Restaurante
000479;MERCADO FERREIRA LTDA;59.271.282/0001-04;SP;São Paulo;Mini Rede
000480;SUPERMERCADO BITTENCOURT EIRELI;22.455.509/0001-61;SP;Ribeirão Preto;Mercado de Bairro
000481;EMPÓRIO BITTENCOURT LTDA;81.474.374/0001-40;MG;Betim;Mercado de Bairro
000482;COMERCIAL COSTA LTDA;93.103.157/0001-23;GO;Goiânia;Bar/Restaurante
000483;COMERCIAL BITTENCOURT - ME;14.351.464/0001-57;MG;Betim;Conveniência
000484;SUPERMERCADO COSTA - ME;41.285.930/0001-16;DF;Taguatinga;Mini Rede
000485;EMPÓRIO DO VALE EIRELI;95.223.037/0001-95;BA;Barreiras;Bar/Restaurante
000486;SUPERMERCADO REZENDE LTDA;11.621.368/0001-93;GO;Goiânia;Bar/Restaurante
000487;MERCADO FERREIRA LTDA;77.429.694/0001-01;GO;Rio Verde;Conveniência
000488;DISTRIBUIDORA OLIVEIRA LTDA;64.110.918/0001-76;MG;Juiz de Fora;Mercado de Bairro
000489;SUPERMERCADO NOGUEIRA EIRELI;61.333.543/0001-15;MG;Juiz de Fora;Food Service
000490;DISTRIBUIDORA DO VALE - ME;34.450.620/0001-44;MG;Betim;Conveniência
000491;COMÉRCIO DE ALIMENTOS NOGUEIRA - ME;74.883.762/0001-10;GO;Anápolis;Conveniência
000492;MERCADO FERREIRA - ME;68.347.357/0001-84;DF;Brasília;Bar/Restaurante
000493;MERCADO ALMEIDA LTDA;34.151.039/0001-21;SP;Franca;Padaria
000494;EMPÓRIO SOUZA LTDA;13.873.469/0001-87;SP;Franca;Food Service
000495;DISTRIBUIDORA SILVA LTDA;74.043.026/0001-53;MG;Uberlândia;Conveniência
000496;COMÉRCIO DE ALIMENTOS ANDRADE EIRELI;85.312.317/0001-16;MG;Belo Horizonte;Bar/Restaurante
000497;EMPÓRIO PEREIRA LTDA;42.928.119/0001-79;SP;Franca;Bar/Restaurante
000498;COMÉRCIO DE ALIMENTOS COSTA EIRELI;11.156.817/0001-70;BA;Luís Eduardo Magalhães;Mercado de Bairro
000499;COMERCIAL BITTENCOURT LTDA;85.440.126/0001-30;BA;Barreiras;Mini Rede
000500;COMERCIAL COSTA LTDA;92.209.621/0001-06;DF;Taguatinga;Bar/Restaurante
